X Coordinate (km),Y Coordinate (km),Measured Depth (m),Deviation (deg),Abandoned (True/False),Surface-Casing Weight (kg/m),Production-Casing Size (mm),Cumulative GAS Prod. (e3m3),Month Well Spudded,Classification
524.5,380.2,786.2,19.34818674004153,True,35.7,139.7,32683.6,650.7,1
46.3,823.2,2915.5,65.62368456965018,True,35.7,139.7,32683.7,814.2,1
637.9,460.2,1050.0,,False,62.5,,32683.5,209.7,0
605.3,555.2,,24.41381920349207,True,53.6,177.8,32683.3,0.0,1
594.0,447.4,1525.0,44.2097602155828,True,48.1,177.8,32683.6,578.4,1
515.3,424.5,1925.6,37.960099478389225,True,25.3,114.3,32683.7,733.1,1
607.3,544.3,1036.3,12.94268734267408,False,48.1,177.8,32683.5,0.0,0
599.1,525.6,1749.9,,True,,177.8,32683.5,511.1,1
231.2,498.3,474.9,,False,53.5,114.3,,186.1,0
535.4,238.7,939.8,,True,35.7,139.7,32683.5,0.0,0
591.3,546.8,569.4,,True,48.1,177.8,,0.0,0
607.0,110.3,424.8,,True,35.7,139.7,32683.3,0.0,0
474.3,494.8,2240.0,0.7123502914052058,True,,114.3,32683.5,0.0,1
464.3,400.0,,44.794678086704906,True,25.3,114.3,32683.5,0.0,1
61.4,664.8,,46.02519387029285,True,35.7,114.3,32683.6,0.0,1
485.9,335.6,,45.362426818714304,True,35.7,114.3,32683.5,0.0,1
515.4,116.8,,72.39504705411639,True,35.7,139.7,32683.7,0.0,1
105.9,1186.1,,9.31876158907714,True,53.6,177.8,32683.5,329.0,1
399.4,442.8,,,False,35.7,114.3,32683.5,0.0,0
429.1,202.8,,23.83906807037222,True,35.7,139.7,32683.5,0.0,0
64.8,720.4,,36.96603411865924,True,53.6,,32683.6,0.0,1
529.9,392.8,,36.13080574180647,True,,114.3,32683.7,0.0,1
64.3,777.6,670.9,,False,35.7,139.7,,166.4,0
494.5,86.4,,38.72783933764313,True,35.7,139.7,32683.5,0.0,0
149.2,716.3,,,False,35.7,139.7,,0.0,0
247.1,540.3,1489.9,27.04255970889461,True,,177.8,32683.6,604.7,1
453.0,677.3,2311.8,37.6651711583602,True,35.7,114.3,32683.7,1252.7,1
491.9,569.9,,,True,35.7,139.7,32683.5,0.0,1
25.0,726.7,1044.9,,False,,139.7,32683.5,0.0,0
617.6,621.3,,25.9923423897188,True,60.0,177.8,32683.6,0.0,1
576.5,615.5,500.0,,True,48.1,177.8,,0.0,0
518.9,529.5,2502.2,41.13854079618242,True,25.3,114.3,32683.6,843.9,1
324.7,396.1,2875.8,,True,35.7,139.7,32683.7,0.0,1
297.5,392.5,1864.7,,True,53.6,139.7,32683.5,212.0,0
264.5,470.7,927.3,,True,53.6,,,437.0,1
627.3,525.7,870.0,,False,53.6,177.8,32683.5,261.0,0
474.0,89.0,,,False,35.7,139.7,32683.5,0.0,0
519.9,40.9,,,True,,139.7,32683.5,437.0,1
112.7,1080.8,,,False,53.6,177.8,32683.5,243.8,0
604.2,593.7,,,True,48.1,177.8,32683.3,0.0,0
422.4,503.6,,51.1978286403826,True,,177.8,32683.7,0.0,1
167.7,562.4,,,False,35.7,114.3,,325.9,1
540.1,240.3,3680.5,45.56395699275652,True,35.7,114.3,32683.5,739.0,1
154.1,916.7,,,True,35.7,139.7,32683.5,0.0,1
628.3,589.9,,,False,48.1,177.8,,0.0,0
85.2,632.4,3384.6,,True,53.6,114.3,32683.5,331.4,1
292.5,281.8,2195.0,,True,59.5,177.8,32683.6,0.0,1
70.3,721.3,754.6,37.66516935869291,True,53.6,177.8,32683.6,845.4,1
578.5,722.3,1741.0,42.25268137094751,True,25.3,114.3,32683.7,513.0,1
571.8,597.5,2621.1,45.07968173433635,False,53.6,177.8,32683.6,826.5,1
220.0,611.3,1089.8,9.31527068981523,True,35.7,114.3,32683.5,244.1,0
181.9,515.3,837.9,,True,35.7,139.7,,0.0,0
366.2,384.9,,,True,35.7,139.7,32683.5,0.0,0
538.0,241.8,1900.0,,True,35.7,139.7,,259.7,0
221.1,603.8,,,True,35.7,139.7,,126.2,0
530.3,392.4,1405.9,19.98747968327149,False,35.7,114.3,32683.5,0.0,0
515.8,153.2,2480.9,9.60910046505419,False,53.6,177.8,32683.6,0.0,1
611.3,573.1,1441.6,,True,48.1,177.8,32683.3,0.0,0
634.7,401.6,2191.0,62.92886264646808,True,,114.3,32683.6,270.0,0
524.2,451.7,434.7,,False,,114.3,32683.3,70.2,0
584.5,530.6,1579.1,,True,53.6,177.8,32683.6,0.0,0
441.0,365.1,1628.1,36.6246952377571,True,35.7,139.7,32683.5,471.3,1
377.3,645.3,1104.8,41.02761193907688,True,35.7,114.3,32683.5,670.2,1
617.6,621.3,2178.0,52.73848289425479,False,60.0,177.8,32683.5,0.0,1
573.9,595.9,1000.9,,True,53.6,177.8,32683.6,449.3,1
170.8,784.9,466.3,,True,35.7,139.7,,316.6,0
72.1,719.6,638.3,,False,53.6,139.7,,241.0,0
314.4,463.2,,9.063802701716607,True,,114.3,32683.5,0.0,1
588.5,595.8,,25.735404025969963,True,48.1,177.8,32683.6,0.0,1
418.0,305.0,1585.7,,False,35.7,139.7,32683.5,0.0,0
279.0,835.2,865.0,,False,35.7,139.7,32683.5,0.0,0
448.3,536.9,1249.3,,True,,177.8,32683.5,0.0,1
501.9,552.2,2074.4,,True,35.7,139.7,32683.5,450.7,1
296.4,838.6,536.3,,True,35.7,139.7,32683.5,0.0,1
577.9,722.4,607.5,,False,25.3,114.3,,0.0,0
563.3,586.4,1983.6,73.82767911985577,True,25.3,114.3,32683.6,544.9,1
585.1,604.4,1110.0,,True,48.1,177.8,32683.5,514.2,1
509.8,375.7,586.8,,True,35.7,139.7,,211.0,0
555.0,440.9,,,True,35.7,139.7,32683.6,255.0,0
511.3,475.1,4093.1,57.33212615140721,True,25.3,114.3,32683.6,673.3,1
621.9,375.7,2205.7,,True,48.1,177.8,32683.6,624.5,1
440.0,617.0,956.1,0.7213044541737293,True,35.7,114.3,32683.5,383.0,1
105.4,994.6,670.0,,False,35.7,139.7,32683.5,270.0,0
596.8,536.0,1120.0,,False,48.1,177.8,,0.0,0
635.7,539.2,782.1,,False,,114.3,32683.5,0.0,0
110.0,1091.1,500.0,,False,,114.3,,128.5,0
513.6,505.9,,5.972641045779149,True,35.7,114.3,32683.6,0.0,1
626.3,387.7,601.0,,False,35.7,139.7,,0.0,0
384.8,230.3,959.4,,True,41.6,139.7,32683.5,0.0,0
161.4,555.3,1860.8,,True,53.6,139.7,32683.5,0.0,1
597.5,525.3,,,False,48.1,177.8,32683.5,0.0,0
448.6,546.6,676.0,12.297505641470426,True,,177.8,32683.5,0.0,1
587.1,521.9,1705.0,,False,53.6,177.8,32683.5,318.2,0
37.8,786.1,581.0,,True,53.6,139.7,,0.0,0
609.1,585.6,2159.9,10.98151550830544,True,,139.7,32683.6,526.5,1
647.2,283.5,864.4,15.55121239932106,True,35.7,139.7,,0.0,0
416.3,393.5,619.0,,True,35.7,114.3,,219.0,0
564.5,403.6,1347.6,30.90050321785092,True,,114.3,32683.6,0.0,1
549.6,327.5,,41.15933125199103,True,,114.3,32683.6,0.0,1
213.1,569.6,1209.3,,True,35.7,114.3,32683.5,177.0,0
505.3,526.4,400.0,,True,25.3,114.3,,89.9,0
621.9,376.2,571.0,,True,35.7,139.7,,0.0,0
117.2,792.8,,45.98668177958014,True,,139.7,32683.7,0.0,1
388.3,492.4,2032.1,35.27110235807374,True,,,32683.7,498.7,1
60.0,726.1,1391.5,0.7914071246143497,True,35.7,139.7,32683.6,445.0,1
608.7,512.2,929.4,,True,48.1,177.8,32683.6,0.0,1
50.2,639.9,1559.4,23.86867453978176,True,35.7,114.3,32683.5,352.0,1
205.2,665.5,674.0,,True,35.7,114.3,,159.2,0
368.5,330.3,2530.0,29.658251059040225,True,,177.8,32683.6,504.0,1
173.6,536.6,,30.0834374082649,True,53.6,177.8,32683.5,0.0,0
635.1,289.1,,,False,35.7,114.3,,0.0,0
538.3,549.3,1922.0,,False,25.3,114.3,32683.5,504.3,1
21.6,692.0,1634.8,,False,53.6,114.3,32683.5,404.3,1
583.9,530.4,803.4,10.470659310107056,True,53.6,177.8,,270.0,0
476.0,434.9,,42.48448761658776,True,,114.3,32683.5,539.0,1
530.4,473.4,693.0,,False,25.3,114.3,,84.0,0
207.8,589.8,1295.0,,True,,139.7,32683.5,0.0,1
637.8,256.1,1017.0,,False,35.7,139.7,32683.6,276.0,0
299.3,431.4,545.3,3.795163512922796,True,41.7,114.3,32683.6,0.0,0
607.6,584.9,1370.9,,True,,177.8,32683.6,0.0,0
507.2,121.5,,45.22428980334914,False,35.7,139.7,32683.6,0.0,1
628.3,378.2,2403.4,32.92445336712925,True,48.1,177.8,32683.6,555.4,1
260.5,518.2,557.5,,True,35.7,139.7,,205.0,0
518.1,170.7,,,True,,101.6,32683.6,0.0,1
597.8,508.2,,41.14323085087906,True,53.6,177.8,32683.7,0.0,1
593.5,514.6,,,True,48.1,177.8,32683.5,371.6,1
217.5,608.2,2502.0,,False,35.7,139.7,32683.6,0.0,0
578.6,596.2,557.0,,True,53.6,177.8,32683.5,356.9,1
314.3,775.3,,,True,53.6,177.8,,0.0,0
329.3,468.7,,12.843005207087357,True,41.6,139.7,32683.5,0.0,1
349.8,330.9,,,True,35.7,139.7,32683.5,0.0,0
621.9,376.2,,34.52902852001533,True,35.7,139.7,32683.7,0.0,1
592.7,409.4,,44.270637630258506,True,25.3,114.3,32683.5,0.0,1
571.8,205.2,,15.131372833055226,True,35.7,139.7,32683.5,0.0,1
64.6,661.5,1114.2,45.11780482260707,False,53.6,139.7,32683.5,319.0,0
419.5,290.5,,,True,,114.3,32683.6,0.0,1
482.8,561.6,976.4,,True,25.3,114.3,,474.0,1
573.9,595.9,,,True,53.6,177.8,,0.0,0
233.5,587.0,,,False,53.6,177.8,,0.0,0
408.9,755.8,,,True,53.6,177.8,,0.0,0
569.7,601.8,,,False,35.7,114.3,,0.0,0
512.0,948.9,1118.9,,True,25.3,114.3,32683.6,0.0,1
67.8,753.3,611.6,34.94449590463843,False,35.7,,32683.5,155.0,0
320.3,467.7,500.0,,True,,139.7,32683.3,0.0,0
606.2,558.9,461.8,,False,53.6,177.8,,0.0,0
634.6,460.3,,,True,53.6,177.8,,0.0,0
598.7,512.3,676.0,,False,53.6,177.8,32683.5,205.3,0
387.2,189.5,,26.92365279152472,False,35.7,114.4,32683.7,0.0,1
626.0,348.7,1577.7,40.28742469294868,False,35.7,,32683.5,0.0,0
319.4,473.0,1382.1,45.36400419017396,True,,139.7,32683.6,0.0,1
603.6,530.4,599.8,15.547308243202618,True,,177.8,32683.6,246.0,0
611.8,356.9,,,True,35.7,139.7,32683.6,0.0,1
154.8,771.0,,,False,53.6,139.7,,0.0,0
610.5,529.2,1453.4,45.22428980334914,True,35.7,139.7,32683.5,0.0,1
553.8,443.2,,39.45297884287341,True,35.7,139.7,32683.6,0.0,1
580.7,720.8,,,False,25.3,114.3,32683.3,0.0,0
640.4,542.1,5340.9,44.06028546007724,True,48.1,177.8,32683.7,738.4,1
570.5,320.4,1032.0,44.07761953740276,True,35.7,139.7,32683.5,519.0,1
635.9,522.2,,,True,53.6,177.8,32683.5,0.0,1
520.7,387.2,622.8,,False,35.7,139.7,,131.9,0
581.0,598.7,611.9,30.360509003028653,True,48.1,177.8,32683.6,255.0,0
522.5,166.9,432.9,,False,35.7,139.7,32683.5,0.0,0
524.2,266.8,910.2,1.0115959173874678,True,35.7,139.7,32683.6,638.8,1
619.7,591.0,1508.1,,True,48.1,177.8,32683.5,0.0,0
289.3,461.8,,65.27480089683246,True,35.7,139.7,32683.6,0.0,1
328.0,375.7,1428.0,,True,35.7,139.7,32683.5,338.3,1
430.5,659.6,,,False,35.7,114.3,,0.0,0
506.2,61.4,964.8,,True,,139.7,32683.5,149.0,0
614.8,582.0,711.3,,False,48.1,177.8,,0.0,0
276.8,530.1,473.5,,True,,139.7,,124.0,0
573.6,604.2,514.0,,False,48.1,177.8,32683.3,99.8,0
635.8,405.1,,35.74208313238579,True,53.6,139.7,32683.6,0.0,1
139.2,707.6,675.2,,True,53.6,139.7,32683.5,0.0,0
443.9,467.0,1428.0,,True,35.7,139.7,32683.6,474.7,1
578.8,594.9,2207.6,13.08249321687108,True,53.6,177.8,32683.6,0.0,0
243.4,460.1,670.0,,False,35.7,139.7,32683.5,0.0,1
637.6,390.6,,,False,35.7,139.7,32683.5,0.0,0
580.9,599.1,637.0,,True,48.1,177.8,,368.0,1
574.2,604.9,950.0,0.5053321656340295,True,48.1,177.8,32683.6,0.0,1
445.2,859.9,3473.7,35.04285305156682,True,,177.8,32683.6,828.9,1
607.5,531.5,458.3,,False,,114.3,32683.3,0.0,0
591.9,29.5,4165.4,45.44511415622267,True,,114.3,32683.6,0.0,1
474.3,130.4,578.7,,True,35.7,139.7,32683.5,0.0,0
576.8,616.3,750.0,,True,48.1,177.8,32683.5,0.0,1
533.2,509.2,1112.4,,True,,114.3,32683.5,0.0,0
635.9,459.0,786.3,,True,62.5,,,0.0,0
538.0,158.9,2671.1,12.961952206913224,True,,114.3,32683.6,819.0,1
644.7,251.3,565.5,,False,35.7,114.3,,0.0,0
84.5,861.9,973.5,12.558426178963018,True,35.7,139.7,32683.6,484.5,1
295.1,872.7,,,True,53.6,139.7,32683.5,0.0,0
301.8,472.8,,11.658421026747154,True,,139.7,32683.5,0.0,1
611.9,587.6,,,False,25.3,114.3,32683.5,88.0,0
381.0,590.3,3071.4,22.131749208966426,True,,114.3,32683.7,565.1,1
378.9,273.2,403.0,,True,13.7,139.7,32683.3,0.0,0
620.1,544.1,1994.8,30.24044694894282,True,48.7,177.8,32683.6,0.0,1
103.1,799.2,2700.8,,True,,114.3,32683.7,624.0,1
626.9,339.4,3013.1,46.2699907692686,True,35.7,139.7,32683.6,697.9,1
482.3,214.1,,,False,29.8,114.3,32683.6,0.0,0
533.5,215.2,783.5,,True,35.7,,32683.5,0.0,0
605.2,512.6,509.7,,True,,177.8,,335.0,1
575.2,608.7,2796.9,,False,53.6,177.8,32683.5,293.0,0
579.7,722.7,,,True,96.7,,32683.5,0.0,1
614.3,491.3,,,True,,177.8,32683.6,0.0,1
106.9,1176.9,1480.2,,True,,139.7,32683.5,474.0,1
527.3,306.7,1331.6,,True,35.7,114.3,32683.5,0.0,1
407.2,176.2,3269.1,,True,35.7,139.7,32683.5,533.0,1
509.1,355.1,1078.1,13.327047333928704,False,35.7,114.3,32683.5,0.0,0
612.6,622.5,,,True,48.7,177.8,32683.6,0.0,1
619.7,536.0,966.0,,True,48.1,177.8,32683.5,321.0,0
574.6,615.7,,,True,48.1,177.8,,0.0,1
596.2,593.8,1390.0,40.777980230824056,True,53.6,177.8,32683.5,665.0,1
41.9,814.6,,,True,,114.3,32683.6,0.0,0
463.0,433.8,923.6,,True,35.7,139.7,32683.6,581.5,1
625.8,275.3,650.0,,True,35.7,114.3,32683.5,197.0,0
106.3,709.9,3503.1,47.66265381049909,True,53.6,139.7,32683.7,960.3,1
525.0,269.3,1512.7,29.621960809279276,True,35.7,139.7,32683.5,0.0,1
502.4,170.6,,,False,35.7,139.7,,0.0,1
297.1,403.7,607.0,,True,,139.7,32683.3,0.0,0
441.3,379.5,2568.6,30.38123209215036,True,59.5,177.8,32683.5,410.2,1
538.3,227.6,,,True,35.7,139.7,,0.0,0
259.9,398.4,,,True,81.1,139.7,32683.6,0.0,0
587.0,491.1,,,True,48.1,177.8,,0.0,0
532.8,288.2,676.9,,False,,139.7,,203.0,0
607.9,590.6,,25.734892705470312,True,25.3,114.3,32683.5,0.0,1
68.2,967.1,2265.6,13.641989467588,True,53.5,177.8,32683.6,619.4,1
122.7,1164.6,,,True,53.6,177.8,32683.6,0.0,1
609.0,525.1,1327.0,,True,48.1,177.8,32683.5,0.0,0
379.7,638.8,1953.6,48.96627857655804,True,35.7,114.3,32683.6,616.0,1
611.3,589.9,,,True,25.3,114.3,32683.5,0.0,1
297.1,348.6,2205.9,42.95625453902288,True,,139.7,32683.6,0.0,1
526.3,377.7,,,True,35.7,139.7,,131.5,0
554.7,443.2,,,True,25.3,114.3,32683.5,0.0,0
497.0,208.3,460.1,,True,,114.3,32683.5,125.0,0
609.8,585.9,3309.4,37.66518491558399,True,,177.8,32683.6,0.0,1
296.2,474.7,2796.2,22.006327215557107,True,,139.7,32683.6,588.8,1
575.0,602.4,985.0,,False,48.1,177.8,,0.0,0
601.6,542.1,607.0,,True,48.1,177.8,32683.5,328.6,1
640.2,479.5,1329.8,38.0765148748156,True,,177.8,,370.0,1
594.5,600.9,1614.4,,True,48.1,177.8,32683.5,0.0,0
334.1,396.8,494.1,,True,14.1,114.3,32683.5,0.0,0
609.9,585.8,718.9,,True,,114.3,32683.3,184.0,0
634.6,366.9,894.0,8.162439373407622,True,35.7,139.7,32683.7,403.0,1
607.3,523.4,1131.1,,False,48.1,177.8,,294.0,0
584.8,522.1,501.0,,False,53.6,177.8,,0.0,0
396.3,277.4,,,True,35.7,139.7,32683.5,0.0,1
630.3,404.0,1481.7,1.4939488972534014,True,35.7,139.7,32683.6,391.0,1
377.2,208.5,,,True,,,32683.6,0.0,1
492.1,302.0,970.5,,True,35.7,114.1,,200.0,0
588.3,597.9,2058.6,23.6507618791287,True,48.1,177.8,32683.6,485.7,1
368.7,294.5,608.4,,True,53.6,177.8,32683.5,215.2,0
158.5,498.8,,,False,53.6,177.8,32683.5,0.0,0
193.3,593.1,934.8,,True,35.7,139.7,,284.8,0
567.5,453.6,,,True,48.1,177.8,32683.6,0.0,0
574.1,235.8,734.0,0.8731604436212185,True,25.3,114.3,32683.5,0.0,1
142.4,1148.6,408.6,,True,,177.8,32683.5,0.0,0
553.8,440.9,,,True,35.7,139.7,32683.6,280.3,0
100.9,1066.8,1992.2,,True,53.6,139.7,,247.2,0
588.5,909.7,,5.4850569691874655,True,34.3,114.3,,0.0,0
95.8,957.9,2421.1,36.88622474558972,True,25.3,114.3,32683.6,678.7,1
332.5,396.9,,0.231717812712853,True,,114.3,32683.6,0.0,1
322.3,307.9,802.5,,False,35.7,139.7,,466.0,1
465.5,533.8,,,False,,114.3,,0.0,0
509.3,290.9,5200.4,72.22525944400734,False,35.7,114.3,32683.7,981.3,1
458.1,360.8,2720.1,28.19983362254262,True,,177.8,32683.6,560.7,1
548.1,131.9,1995.6,,True,35.7,139.7,32683.5,596.0,1
353.9,475.4,848.0,21.765560604920463,True,,139.7,32683.5,0.0,0
132.2,1082.3,,,False,,177.8,32683.6,242.2,0
432.3,388.2,,,True,35.7,139.7,32683.5,0.0,1
460.7,144.6,,,False,35.7,114.3,32683.5,157.6,0
499.0,83.8,569.5,,True,35.7,114.3,32683.5,174.7,0
499.4,201.4,,,False,,114.3,32683.5,0.0,0
525.0,416.3,646.0,,False,,114.3,32683.5,294.0,0
590.0,509.2,,,True,48.1,177.8,32683.5,212.0,0
471.2,96.9,2004.0,,True,25.3,114.3,32683.7,0.0,1
109.1,798.1,,,False,35.7,139.7,,0.0,0
574.0,522.0,1209.5,,True,25.3,114.3,32683.5,432.0,1
512.5,615.7,572.2,,False,25.3,114.3,,244.5,0
630.7,586.6,,11.348264289640774,True,48.7,177.8,32683.6,0.0,1
198.3,490.9,885.4,,True,53.6,114.3,32683.5,0.0,0
585.6,609.3,2178.9,13.169727591935498,True,48.1,177.8,32683.5,344.0,1
46.4,784.8,375.7,,False,35.7,139.7,32683.3,88.0,0
365.9,567.4,2021.8,37.808558687801046,True,35.7,139.7,32683.7,486.0,1
525.1,145.3,2268.0,,True,35.7,139.7,32683.6,0.0,1
598.3,532.8,781.1,,True,,177.8,,0.0,0
302.7,380.2,445.0,,False,,177.8,32683.5,128.0,0
602.3,547.7,,,True,48.1,177.8,,179.0,0
496.6,126.4,1519.8,40.98331136118552,True,35.7,,32683.5,514.1,1
388.0,813.3,,,False,25.3,114.3,32683.5,0.0,0
365.1,568.5,,,True,35.7,139.7,32683.5,0.0,1
636.9,461.5,1437.0,39.974751555592256,False,48.1,177.8,32683.6,303.5,0
445.7,280.2,,,True,,114.3,,0.0,0
602.9,602.8,543.0,,False,53.6,177.8,32683.3,115.0,0
607.9,116.4,,13.320156790080688,False,35.7,139.7,32683.5,0.0,0
626.3,283.8,2856.9,12.046344799726738,True,,177.8,32683.6,792.8,1
590.6,595.5,515.0,,True,48.1,177.8,32683.6,246.0,0
602.5,476.4,,,True,48.1,177.8,32683.3,120.0,0
439.2,633.2,388.2,,False,48.1,,,0.0,0
589.7,594.7,538.8,,False,48.1,177.8,32683.3,172.5,0
431.5,360.8,,,True,35.7,139.7,32683.5,0.0,1
305.7,454.7,2693.4,,True,,139.7,32683.5,0.0,1
339.8,357.9,715.0,,False,,139.7,32683.6,382.9,1
342.9,387.7,966.0,,False,35.7,139.7,32683.6,0.0,1
582.4,603.2,,,False,53.6,177.8,,103.0,0
571.2,597.4,742.2,,True,53.6,177.8,32683.5,206.1,0
128.2,1088.6,1456.6,,False,53.6,177.8,32683.5,434.2,1
589.7,518.8,3427.6,45.05520043443893,True,48.1,177.8,32683.6,432.9,1
609.9,390.5,2599.2,68.20095295075427,True,48.1,177.8,32683.6,0.0,1
607.4,116.8,742.0,26.217921700816305,False,35.7,139.7,32683.5,205.4,0
538.1,527.6,555.8,,True,,114.3,,0.0,0
636.3,460.2,1476.8,37.68379076487322,False,89.3,,32683.6,0.0,1
80.2,837.5,,,False,35.7,139.7,,0.0,0
592.6,525.9,1955.0,,False,60.3,177.8,32683.5,0.0,0
540.5,392.2,,44.3763041402654,True,25.3,114.3,32683.6,0.0,1
502.6,1.4,,,True,35.7,114.3,,0.0,0
474.0,88.6,,17.477988595392322,True,35.7,139.7,32683.7,0.0,1
617.6,621.3,,,True,60.0,177.8,32683.5,0.0,1
440.0,370.1,,,True,,177.8,32683.5,0.0,0
375.7,384.9,2057.1,72.28524345808263,True,35.7,,32683.7,778.8,1
215.1,573.4,670.6,,True,,177.8,32683.5,0.0,0
357.3,188.9,1634.3,,False,,177.8,,200.0,0
618.1,379.2,495.0,,False,35.7,139.7,,0.0,0
146.7,556.8,965.0,,True,35.7,139.7,32683.5,355.1,1
385.7,615.9,603.3,,True,,114.3,32683.6,323.0,1
556.7,446.7,,,True,35.7,139.7,32683.5,0.0,1
534.4,393.1,,,True,,139.7,32683.5,0.0,1
146.9,921.2,3228.0,45.19394797373514,True,25.3,114.3,32683.6,854.2,1
390.8,196.2,552.9,,True,48.1,139.7,32683.5,232.9,0
411.6,193.0,456.9,,True,35.7,139.7,32683.5,0.0,1
485.2,577.3,1049.6,45.033159399256085,True,35.7,139.7,32683.5,131.0,0
511.1,134.5,,8.210091594203835,True,35.7,139.7,32683.5,0.0,1
317.6,469.9,821.4,,True,,177.8,32683.5,0.0,1
351.3,692.6,2112.5,17.91595062351513,True,81.1,177.8,32683.5,813.2,1
522.3,97.1,822.3,,False,35.7,139.7,32683.6,0.0,0
514.8,359.9,,,True,35.7,139.7,32683.5,0.0,1
270.9,567.7,611.0,,True,35.7,139.7,,0.0,0
175.5,528.0,1749.0,,False,53.5,114.3,32683.5,0.0,1
538.5,228.8,,,False,,139.7,32683.5,0.0,0
281.9,586.4,1355.0,20.185297914160472,True,35.7,114.3,32683.5,0.0,1
293.8,842.0,961.6,31.08068578743894,True,53.6,139.7,32683.5,474.0,1
548.6,326.6,,,False,,88.9,,0.0,0
161.1,518.0,,40.98677806273543,True,53.6,114.3,32683.5,0.0,1
414.1,177.7,1645.0,33.10060527997864,False,53.6,139.7,32683.5,416.0,1
447.1,467.2,1629.7,30.5978060035446,True,35.7,139.7,32683.5,0.0,1
205.3,621.3,2199.7,,False,,177.8,32683.5,0.0,0
478.7,113.1,,,False,35.7,139.7,,0.0,0
603.6,601.7,1492.8,,False,48.1,177.8,32683.5,316.0,0
330.4,435.7,434.0,,True,35.7,139.7,32683.5,112.0,0
377.9,195.4,1749.8,,False,,177.8,32683.5,0.0,0
514.7,589.3,764.5,13.329172708261751,True,,114.3,32683.5,393.6,1
563.3,483.1,,,False,25.3,114.3,,284.0,0
551.5,135.6,,8.160748149998566,True,35.7,139.7,32683.5,0.0,1
608.0,593.2,1908.1,35.02239131141907,True,48.1,177.8,32683.6,814.6,1
596.7,513.0,316.7,,False,60.3,177.8,,92.3,0
604.4,483.0,514.9,,True,53.6,177.8,,276.0,0
526.4,98.3,1418.0,,True,71.4,139.7,32683.5,295.5,0
599.1,540.9,705.1,,False,48.1,177.8,32683.5,0.0,0
536.3,222.3,972.2,,True,35.7,139.7,,266.0,0
420.9,364.8,753.0,0.2636305792176939,True,,139.7,,324.0,1
642.4,284.3,754.9,,True,35.7,114.3,,0.0,1
72.7,1090.5,2182.0,,True,53.6,,32683.5,654.2,1
238.6,750.6,1351.4,14.538428071025642,True,35.7,139.7,32683.6,0.0,1
454.4,342.6,591.6,,True,,,32683.5,0.0,0
595.5,502.4,607.0,,False,,114.3,,284.0,0
591.2,544.8,1025.3,13.298275322406726,True,53.6,177.8,32683.5,536.0,1
597.2,739.8,2248.7,22.291182583743776,True,25.3,114.3,32683.6,484.0,1
352.8,355.8,,,False,41.6,139.7,,0.0,0
247.1,471.7,664.4,,True,53.6,177.8,32683.5,115.0,0
601.5,424.1,,,True,,114.3,,0.0,0
462.7,257.3,2227.0,26.78338298982549,True,,139.7,32683.6,0.0,1
559.6,455.7,2244.5,54.8056568383956,True,35.7,139.7,32683.7,635.8,1
445.1,469.7,607.5,,False,35.7,139.7,32683.3,190.3,0
205.8,497.2,,14.975472866911849,False,35.7,114.3,32683.5,0.0,0
124.2,785.4,,,True,35.7,139.7,32683.5,0.0,0
499.8,125.4,1006.7,34.02527129237235,True,35.7,139.7,32683.5,396.9,1
446.7,536.2,3393.2,51.89207026237803,True,,177.8,,474.0,1
314.5,458.7,989.5,,True,,139.7,,0.0,0
30.5,700.4,1117.8,,False,35.7,139.7,32683.6,0.0,0
399.6,446.8,1098.6,,True,35.7,139.7,32683.6,0.0,1
475.4,128.1,391.7,,True,35.7,139.7,,0.0,0
527.1,599.9,1370.8,,True,25.3,114.3,32683.5,184.0,0
163.4,516.0,,16.91538657500392,True,53.6,114.3,32683.5,0.0,1
532.8,393.5,628.4,,True,,177.8,32683.5,331.4,1
119.6,937.9,975.6,,False,48.1,139.7,32683.5,0.0,0
518.2,40.8,539.1,,True,35.7,139.7,,54.0,0
601.6,525.6,1427.0,,True,48.1,177.8,,0.0,1
592.1,457.0,735.3,,True,53.6,177.8,,0.0,0
515.9,457.3,,,True,25.3,114.3,,0.0,1
175.1,786.2,925.1,,False,35.7,139.7,,189.7,0
606.7,577.4,,,True,48.1,177.8,32683.5,0.0,1
567.5,517.0,,47.02657927952873,True,,114.3,32683.5,0.0,1
588.1,511.9,890.6,,True,53.6,177.8,32683.5,334.6,1
127.2,1179.5,655.1,,False,,177.8,,143.4,0
608.5,38.0,1146.8,,True,35.7,139.7,32683.6,0.0,1
608.2,585.1,1675.9,73.7830381615445,False,,114.3,32683.6,1264.0,1
577.7,455.2,1325.9,,True,35.7,139.7,,0.0,0
599.4,543.4,,,True,48.1,177.8,32683.5,202.3,0
649.6,255.9,1813.3,3.098937438269569,True,35.7,139.7,32683.6,476.0,1
453.0,353.5,459.4,,True,35.7,139.7,,100.0,0
591.1,539.5,,,False,48.1,177.8,,0.0,0
166.2,532.8,741.2,,True,29.8,114.3,,211.0,0
254.4,461.1,4232.4,57.42070456868505,True,53.6,177.8,32683.6,780.6,1
299.3,399.1,715.9,,True,35.7,139.7,32683.5,228.7,0
593.9,530.4,,,True,,177.8,,0.0,0
515.5,552.6,563.2,,False,25.3,114.3,32683.5,66.5,0
329.2,465.6,1740.3,9.280556335902698,False,,114.3,32683.6,284.0,0
145.4,1147.6,662.9,,False,53.6,177.8,32683.5,261.9,0
204.6,680.0,1043.1,15.242766467929478,True,,114.3,32683.6,0.0,1
607.4,525.9,964.9,,True,48.1,177.8,32683.6,353.7,1
535.7,236.2,2244.2,21.266824863835023,True,35.7,139.7,32683.7,0.0,1
582.6,615.9,,,False,48.1,177.8,,0.0,0
504.5,514.4,1747.0,,True,,114.3,32683.5,0.0,1
524.5,385.4,3541.3,50.44322460108873,True,35.7,139.7,32683.6,673.1,1
398.0,313.9,924.8,,False,25.3,114.3,,0.0,0
401.7,562.5,689.1,,True,35.7,139.7,32683.5,0.0,1
342.4,534.9,4006.2,42.28399323850866,True,35.7,139.7,32683.6,851.2,1
52.6,691.6,,,True,35.7,139.7,,0.0,1
179.5,479.5,,,True,81.1,177.8,32683.5,0.0,1
547.7,93.6,1528.7,,True,,203.2,32683.7,0.0,1
595.1,600.4,458.1,,False,53.6,177.8,32683.5,0.0,0
318.1,770.1,557.1,,True,,177.8,32683.5,321.0,0
366.7,595.6,1018.7,,False,25.3,114.3,,0.0,0
401.8,499.4,747.5,,True,,114.3,32683.5,550.1,1
120.4,953.7,,,False,35.7,139.7,,0.0,0
618.7,529.2,,,True,48.7,177.8,32683.5,400.7,1
477.1,656.9,764.0,,True,25.3,114.3,32683.5,538.1,1
626.2,589.0,4105.4,37.6832624311526,True,25.3,114.3,32683.6,747.6,1
536.0,391.0,532.5,,False,,177.8,,137.3,0
135.7,1108.8,3280.1,2.168644564015202,True,48.1,139.7,32683.6,0.0,0
436.1,329.2,922.6,14.070975734884431,True,35.7,114.3,32683.5,0.0,0
473.4,647.3,1530.0,38.21523494137199,True,25.3,114.3,,483.8,1
615.5,590.6,1818.8,,False,81.1,244.5,32683.5,0.0,0
67.3,865.2,564.6,3.078504880747117,False,35.7,139.7,32683.5,0.0,0
364.5,571.5,701.0,,True,35.7,139.7,32683.3,0.0,0
401.3,324.3,1745.0,,False,48.1,177.8,,0.0,0
637.8,526.1,,3.0536377439234323,False,48.1,177.8,32683.6,0.0,1
532.0,156.1,1991.9,25.22346511285575,True,25.3,114.3,32683.6,0.0,1
194.0,830.3,1780.5,23.346485840405588,True,,,32683.6,294.0,0
182.3,775.6,2002.5,4.163510306587778,True,,139.7,32683.5,0.0,1
429.7,647.6,607.5,,False,35.7,114.3,,0.0,0
584.6,522.3,,,False,53.6,177.8,32683.3,0.0,0
309.3,467.1,856.2,,False,,114.3,32683.5,252.9,0
489.0,291.9,5370.3,75.68742100572427,True,25.3,114.3,32683.7,0.0,1
459.5,353.4,1545.0,16.779201309230746,False,,139.7,32683.6,599.2,1
332.5,506.1,599.2,,False,35.7,139.7,32683.5,0.0,0
279.4,516.4,,24.201630579572893,True,35.7,139.7,32683.7,0.0,0
166.9,775.5,,,False,53.6,139.7,32683.7,0.0,0
573.6,165.7,1391.9,30.667376335954145,True,81.1,244.5,32683.5,373.0,1
283.8,477.1,542.3,,False,35.7,139.7,32683.6,167.2,0
556.6,442.1,386.9,,False,35.7,139.7,,0.0,0
371.1,156.1,2092.7,,True,53.6,139.7,32683.5,473.2,1
617.9,533.3,1474.3,5.114589292281643,True,48.1,177.8,32683.6,0.0,1
323.7,469.1,,,True,,139.7,32683.5,0.0,1
252.2,592.9,2450.0,,True,35.7,139.7,32683.6,672.1,1
596.4,479.5,1514.2,20.131152390990025,True,53.6,177.8,32683.5,396.0,1
539.3,204.3,1305.4,41.59143559667224,True,,114.3,32683.6,0.0,1
608.0,572.8,1048.5,11.375474793038595,False,,177.8,32683.5,0.0,0
620.6,544.3,,9.029352235170228,False,48.7,177.8,,0.0,0
537.2,425.7,1098.8,,True,,114.3,32683.5,0.0,0
420.9,272.9,3308.1,64.975174875037,True,,139.7,32683.6,548.4,1
611.3,517.0,3478.5,33.345908144478635,True,,114.3,32683.7,596.0,1
400.1,585.5,,21.08797517451637,True,25.3,114.3,32683.5,0.0,0
22.6,708.8,649.3,,True,35.7,114.3,,486.0,1
248.6,583.9,759.3,17.39114117155356,True,,139.7,32683.6,0.0,1
275.6,594.4,1483.2,5.336874815715927,True,53.5,177.8,32683.7,401.5,1
419.1,365.7,607.0,,True,35.7,139.7,32683.5,0.0,0
309.2,373.0,,,False,,139.7,32683.5,0.0,0
89.9,717.0,3233.5,34.28603375318204,True,,139.7,32683.7,667.7,1
316.8,777.6,2505.6,28.997255209093908,True,35.7,,32683.5,561.7,1
100.1,1087.1,,13.336335524070194,True,48.1,139.7,32683.6,0.0,1
619.0,470.3,3939.5,46.670687394006656,True,35.7,139.7,32683.6,0.0,1
567.8,602.5,2284.0,,True,53.6,177.8,32683.6,0.0,1
419.9,278.4,,,False,,139.7,32683.5,0.0,0
580.6,721.5,638.3,,True,96.7,,,0.0,1
555.3,137.4,,,True,35.7,139.7,,0.0,0
235.9,489.1,,37.68108191513747,True,41.6,139.7,32683.6,930.0,1
548.4,305.4,,,False,35.7,139.7,,237.2,0
516.0,654.9,1745.0,,False,,114.3,32683.6,0.0,0
420.9,295.4,1944.9,9.58330272194056,True,,114.3,32683.5,376.9,1
413.5,592.2,652.3,,False,35.7,114.3,32683.3,87.0,0
533.2,393.5,4040.0,30.957408437215847,False,,177.8,32683.6,494.3,1
582.1,496.8,999.1,,True,25.3,114.3,32683.5,236.0,0
568.9,607.4,1521.0,31.64520175247292,True,53.6,177.8,32683.6,388.0,1
451.5,672.1,,,True,64.7,139.7,32683.7,0.0,1
290.1,396.1,,,True,,114.3,32683.5,0.0,0
237.8,498.6,1021.0,39.68397949154408,True,35.7,139.7,32683.6,0.0,1
551.3,98.3,1363.3,38.11662401314682,False,35.7,139.7,32683.5,466.0,1
607.8,585.0,1448.1,,True,,73.0,,0.0,0
561.6,449.1,1330.4,,False,35.7,139.7,32683.6,0.0,0
612.9,34.4,,,True,35.7,114.3,32683.5,0.0,0
533.6,161.2,,,True,35.7,139.7,32683.5,0.0,0
635.8,405.6,,40.121223426365695,True,,114.3,32683.6,0.0,1
551.9,299.8,2858.5,45.06665336442752,True,35.7,114.3,32683.6,437.6,1
517.8,390.2,,,True,35.7,139.7,32683.5,0.0,0
440.5,125.5,628.5,,True,,139.7,32683.5,0.0,0
615.3,491.3,2547.6,60.00868608215167,True,,177.8,32683.6,619.8,1
323.0,306.5,,,False,101.2,,,0.0,0
509.2,375.8,,,False,35.7,139.7,,40.6,0
567.1,612.0,1594.6,,True,29.8,114.3,32683.5,0.0,1
421.6,359.8,,1.5241194228567156,True,53.6,139.7,32683.6,0.0,1
376.6,193.8,2268.0,41.13586765780189,True,,177.8,32683.5,615.3,1
503.8,524.1,3765.5,33.49005976214002,True,25.3,114.3,32683.6,0.0,1
336.2,406.4,3283.2,45.2014607120081,True,,139.7,32683.7,761.6,1
589.7,527.8,1748.5,19.462634086068316,False,60.3,177.8,32683.5,269.1,0
498.2,126.4,,,False,35.7,139.7,32683.3,0.0,0
317.2,775.4,1045.0,,True,16.9,,,292.5,0
609.3,671.5,636.2,,False,96.7,,,0.0,0
583.2,721.0,646.2,,False,97.6,,,155.0,0
589.7,527.8,,12.259087206239975,True,60.3,177.8,32683.5,0.0,1
572.9,391.9,473.2,,True,25.3,114.3,32683.5,0.0,0
453.7,534.5,,13.009425875466317,True,25.3,114.3,32683.6,0.0,1
585.0,535.6,,10.713962003063251,True,48.1,177.8,32683.7,0.0,1
133.8,730.4,543.5,,False,53.6,139.7,32683.3,0.0,0
613.5,576.7,667.0,,False,48.1,177.8,,0.0,0
523.8,220.7,684.0,,True,35.7,139.7,32683.3,171.3,0
635.5,404.6,,,True,,139.7,32683.3,152.0,0
591.0,521.3,2729.1,30.283001572549946,False,53.6,177.8,32683.5,339.2,1
372.2,376.1,2063.3,72.36453163484751,True,35.7,139.7,32683.6,596.0,1
115.9,1093.3,1088.1,,True,,139.7,,0.0,0
606.0,592.9,1455.5,,True,53.6,177.8,32683.5,0.0,0
298.5,761.8,,,False,35.7,,,180.0,0
317.6,445.6,2100.8,,True,35.7,139.7,32683.5,415.6,1
639.4,460.1,,,False,,177.8,,0.0,0
79.9,765.8,1101.9,,False,35.7,139.7,,0.0,0
588.6,548.3,,,True,48.1,177.8,32683.5,270.0,0
289.7,412.1,204.9,,True,53.6,177.8,32683.3,108.0,0
297.7,472.2,,,True,,139.7,32683.5,0.0,1
537.3,242.5,2167.8,11.97233400954044,True,35.7,139.7,32683.5,0.0,1
447.8,547.1,1821.3,,True,,177.8,32683.7,0.0,1
423.6,287.3,,,True,,139.7,32683.5,0.0,0
454.6,661.9,,10.075992857399186,False,25.3,114.3,32683.6,0.0,1
130.5,952.9,,60.88070966426748,True,35.7,139.7,32683.5,0.0,1
411.8,596.2,,,False,25.3,114.3,,0.0,1
592.8,610.7,2518.1,,True,48.1,177.8,32683.6,0.0,1
534.6,528.2,,,True,,177.8,32683.3,0.0,0
122.7,943.6,1731.4,36.45416526823268,True,,139.7,,0.0,1
431.9,374.3,4408.8,65.7195101831663,True,35.7,114.3,32683.6,850.6,1
267.6,628.3,2259.1,15.13885397210487,True,60.3,139.7,32683.6,0.0,1
391.7,138.4,849.0,19.21276790649808,False,,139.7,32683.6,429.0,1
588.1,476.3,,,True,,177.8,32683.5,0.0,0
485.7,296.2,532.0,,False,35.7,139.7,,124.3,0
303.4,656.5,1090.0,,True,,139.7,32683.6,653.4,1
556.0,441.1,3363.7,73.76308348552739,True,35.7,139.7,32683.7,0.0,1
511.5,92.4,1090.3,,False,35.7,139.7,32683.5,251.0,0
500.2,118.1,1579.3,,True,35.7,139.7,32683.5,0.0,1
526.9,377.4,3448.4,66.69765151646436,False,35.7,139.7,32683.5,0.0,1
591.8,541.9,475.9,,False,48.1,177.8,32683.3,120.0,0
524.5,360.1,,,True,,114.3,32683.5,0.0,0
627.8,402.4,595.7,,False,35.7,139.7,32683.5,0.0,0
608.4,581.5,522.3,,False,48.1,177.8,,176.0,0
375.6,377.6,692.9,,True,53.6,,32683.6,152.0,0
461.7,529.9,1909.6,,True,48.1,,32683.6,759.2,1
585.9,490.4,2216.7,,True,62.5,,32683.5,420.9,1
579.9,540.8,1573.5,35.27311852900726,True,35.7,139.7,32683.6,545.0,1
576.8,606.8,786.9,,False,25.3,114.3,,170.6,0
387.8,197.6,,,False,35.7,139.7,32683.6,0.0,0
593.8,531.2,2880.7,43.273941240517175,True,,177.8,32683.5,738.0,1
218.3,618.7,432.9,,True,,139.7,,115.0,0
528.6,168.7,2411.7,38.11586887931176,True,35.7,139.7,32683.6,478.0,1
601.8,593.9,549.7,,False,53.6,177.8,,0.0,0
354.2,372.3,473.8,,False,,114.3,,168.0,0
604.1,593.7,471.5,,True,48.1,177.8,,0.0,0
197.4,542.6,400.6,,False,,,32683.3,0.0,0
296.1,348.5,,,False,,177.8,,0.0,0
528.1,387.6,,,False,35.7,139.7,,0.0,0
296.2,361.6,747.0,,False,,,32683.6,0.0,0
228.9,412.1,,54.60028097906867,True,47.6,177.8,32683.5,0.0,1
488.6,426.7,1609.4,64.27327643296911,True,,139.7,32683.6,0.0,1
415.8,276.3,,,False,,114.3,32683.3,0.0,0
592.2,603.5,1582.8,38.18931965841493,True,48.1,177.8,32683.6,0.0,1
642.4,460.1,,,True,48.1,177.8,32683.5,0.0,1
500.5,125.5,2177.1,75.64579976087703,True,35.7,139.7,32683.6,0.0,1
632.4,582.3,1846.2,,True,48.1,114.3,32683.5,336.9,1
402.6,675.4,,38.13076753224492,True,25.3,114.3,32683.5,0.0,0
637.1,380.7,,,True,35.7,139.7,,498.5,1
609.9,585.8,453.0,,False,,114.3,32683.3,73.7,0
283.9,849.5,432.1,,True,48.1,139.7,32683.3,111.0,0
183.7,672.0,,15.736618930246124,True,,139.7,32683.6,812.6,1
147.1,759.7,,,False,35.7,139.7,,159.5,0
533.4,93.6,621.1,,True,35.7,139.7,32683.5,197.0,0
518.8,186.6,709.0,,True,29.8,114.3,,0.0,0
606.3,555.6,439.1,,True,53.6,177.8,,149.4,0
517.1,115.1,,,True,35.7,139.7,,0.0,0
559.6,752.5,1070.6,,True,,114.3,32683.5,302.0,0
570.6,605.0,,,False,48.1,177.8,,0.0,1
155.7,759.7,548.9,,True,35.7,139.7,,270.0,0
642.6,380.6,592.0,,False,35.7,139.7,32683.5,0.0,1
382.6,380.2,,,True,35.7,114.3,32683.5,0.0,1
310.4,458.1,1465.4,,False,,139.7,32683.5,255.0,0
611.6,594.0,1400.0,,True,48.7,177.8,,388.0,1
558.1,445.2,3014.6,72.55461553276743,True,25.3,139.7,32683.7,849.4,1
223.1,418.2,3298.0,51.946360027231854,True,,177.8,32683.6,491.8,1
135.1,1123.5,2510.0,,True,35.7,139.7,32683.6,0.0,1
383.8,239.1,1120.0,37.74069229223701,False,35.7,139.7,32683.6,524.9,1
608.4,110.7,2791.1,45.00818189226783,False,35.7,139.7,32683.5,298.0,0
86.3,1169.3,1765.0,27.88647230722741,False,48.1,177.8,32683.5,0.0,0
366.4,573.1,581.0,,False,35.7,139.7,32683.6,297.7,0
376.4,300.4,1275.0,39.63316377566803,True,25.3,114.3,32683.6,0.0,1
638.2,527.1,,,True,48.1,177.8,32683.3,0.0,0
509.9,503.6,1115.5,44.96382207658051,True,25.3,114.3,32683.7,0.0,1
175.1,786.1,3164.9,19.09238535896936,True,,114.3,32683.7,0.0,1
496.4,475.6,1660.0,,True,,114.3,32683.5,0.0,1
631.3,379.9,1108.9,45.06549147546452,True,35.7,139.7,32683.5,0.0,1
44.5,781.1,1863.5,,True,53.5,114.3,32683.6,0.0,1
556.6,441.7,,,True,35.7,139.7,32683.5,0.0,1
434.2,641.7,1018.6,,True,,139.7,32683.6,0.0,0
595.2,160.5,2259.8,39.73830451992632,True,,114.3,32683.7,0.0,1
532.7,493.8,3282.6,,True,25.3,114.3,32683.6,797.1,1
547.8,411.2,750.7,,False,,139.7,32683.6,0.0,0
373.6,856.2,,21.213188701371248,True,81.1,139.7,32683.5,0.0,1
637.5,524.4,771.2,,False,48.1,177.8,,168.0,0
435.0,364.0,593.9,,True,48.1,139.7,32683.3,170.0,0
452.5,631.2,,,True,,114.3,32683.5,0.0,1
611.0,592.0,959.1,,False,48.1,177.8,,199.1,0
537.9,421.0,452.9,,True,,114.3,,176.0,0
402.6,146.0,2829.3,40.14705829080502,True,35.7,139.7,32683.6,854.0,1
619.4,126.9,715.0,,False,25.3,114.3,32683.5,0.0,0
549.5,150.7,,,True,,114.3,,0.0,0
611.4,448.0,870.7,19.626487411883005,False,48.7,177.8,32683.5,0.0,0
612.8,404.5,557.6,,True,48.0,,,0.0,1
232.4,523.7,,74.08395096231828,True,53.6,114.3,32683.7,0.0,1
173.9,542.5,651.0,38.619623606651146,True,53.6,139.7,32683.5,0.0,1
490.4,574.3,880.0,,True,35.7,139.7,32683.3,108.0,0
396.8,493.3,1065.0,,True,,177.8,32683.6,0.0,1
377.1,574.6,1875.0,18.422623497521904,True,35.7,139.7,32683.6,594.0,1
593.3,480.3,,,True,48.1,177.8,32683.5,747.7,1
458.3,250.4,704.7,,True,35.7,139.7,32683.5,278.1,0
273.9,344.4,431.4,,True,107.2,,32683.3,0.0,0
442.1,675.8,,,True,35.7,139.7,32683.5,0.0,0
593.8,480.8,1607.8,,False,48.1,177.8,32683.5,202.6,0
445.2,538.2,935.9,,False,35.7,139.7,,219.0,0
555.2,441.3,,,True,35.7,139.7,32683.6,0.0,1
323.7,845.2,1218.3,15.560654728235566,True,48.1,,32683.5,544.0,1
534.0,104.2,2613.4,43.744511041002525,True,35.7,139.7,32683.7,0.0,1
603.2,463.3,1762.4,,True,53.5,177.8,32683.6,547.1,1
589.7,527.8,,,True,60.3,177.8,32683.5,0.0,0
584.1,600.4,,,True,48.1,178.0,,0.0,0
509.1,147.6,1407.9,41.3129886876995,True,29.8,114.3,32683.6,0.0,1
441.4,233.9,2146.7,41.32046691485838,True,,114.3,32683.5,0.0,1
242.5,575.4,,,False,53.6,177.8,32683.5,89.3,0
607.4,450.3,5418.9,62.93956709689149,False,,177.8,32683.7,1016.5,1
349.3,373.8,,,True,35.7,139.7,32683.3,0.0,0
535.8,159.9,3739.9,66.15378972056757,True,,177.8,32683.7,764.3,1
556.0,440.3,1355.3,,True,25.3,114.3,32683.6,403.0,1
607.8,585.8,584.7,,False,,73.0,,0.0,0
510.1,127.7,2381.4,,True,35.7,139.7,32683.5,796.0,1
328.6,249.1,1074.4,,False,35.7,114.3,,284.7,0
604.0,522.3,2205.3,31.68684666498108,True,,177.8,32683.7,0.0,1
524.6,377.2,995.4,,True,25.3,139.7,32683.5,0.0,1
468.3,647.0,1031.3,9.315618731164566,False,25.3,114.3,32683.5,259.4,0
390.7,412.3,1140.2,,True,25.3,114.3,32683.5,0.0,0
544.8,272.9,1459.0,,True,35.7,139.7,32683.5,537.6,1
286.1,574.9,2342.6,47.67370004463433,True,35.7,114.1,32683.5,0.0,1
539.8,150.3,220.8,,False,35.7,114.3,,54.4,0
533.0,225.0,,24.170414816277663,False,35.7,114.3,32683.6,0.0,0
603.6,482.7,4306.6,66.35130407904067,True,48.1,177.8,32683.6,826.2,1
592.6,541.5,2951.7,45.196410669390815,True,53.6,177.8,32683.6,0.0,1
638.3,459.8,734.0,50.901215772942194,True,62.5,,32683.6,0.0,1
70.4,693.5,2172.6,,True,,139.7,32683.6,0.0,1
545.4,416.1,2247.1,34.60190175955523,True,25.3,114.3,32683.6,585.4,1
340.4,368.1,,,True,,139.7,,0.0,0
607.4,526.8,966.0,,True,48.1,177.8,,416.0,1
524.3,170.4,3541.5,,True,35.7,139.7,32683.5,318.0,0
554.2,149.4,2004.0,25.0979383039026,True,25.3,114.3,32683.5,421.2,1
289.7,618.0,1480.9,12.923490881726478,True,,177.8,32683.6,505.7,1
42.6,701.2,814.8,60.544233271809,False,48.1,177.8,32683.7,0.0,0
362.4,575.2,1652.2,,True,35.7,139.7,32683.6,474.4,1
442.3,576.8,746.7,,False,25.3,114.3,32683.5,264.0,0
215.5,656.9,939.0,,True,25.3,,,370.0,1
85.9,554.5,,,True,81.1,,32683.5,0.0,1
529.1,141.6,,,True,35.7,139.7,,0.0,0
321.3,234.0,,,True,59.5,177.8,32683.6,0.0,1
332.1,574.2,2622.3,39.160785281416565,True,48.1,,32683.7,776.0,1
637.8,459.8,,33.63324246402616,True,62.5,,32683.7,0.0,1
348.1,933.0,757.7,,False,48.1,177.8,32683.6,0.0,0
332.0,196.9,642.6,,True,,177.8,,211.4,0
211.0,730.6,,15.164920272619993,True,35.7,139.7,32683.6,0.0,1
313.5,375.2,3631.9,,True,,114.3,32683.5,0.0,1
624.5,356.6,5382.5,63.94572422022731,True,25.3,114.3,32683.7,1177.9,1
596.2,593.8,591.5,,False,53.6,177.8,,0.0,0
64.4,983.7,,5.45680458547332,True,53.6,139.7,32683.6,0.0,1
538.3,148.7,2664.4,,False,25.3,114.3,32683.6,563.0,1
401.4,320.5,,,False,,139.7,,0.0,0
85.6,1066.7,162.2,,False,,177.8,32683.3,0.0,0
601.2,458.5,2327.4,0.9142782195539898,True,48.1,177.8,32683.6,0.0,1
583.1,721.0,1023.7,,True,96.7,,32683.5,0.0,1
598.8,764.6,670.8,,True,35.7,114.3,32683.5,0.0,0
60.0,721.7,1891.2,0.8606734092033616,True,53.6,139.7,32683.5,283.0,0
607.9,111.9,,,False,35.7,139.7,32683.6,0.0,0
41.6,785.7,773.1,,True,41.7,73.0,32683.5,0.0,1
609.2,585.8,619.1,,True,48.7,177.8,32683.5,384.0,1
601.4,596.0,1354.4,13.296520068474798,True,53.6,177.8,32683.5,375.3,1
463.8,108.9,649.8,10.506630875540232,True,29.7,114.3,32683.5,0.0,1
593.4,466.6,646.0,,False,48.1,177.8,32683.5,0.0,0
608.5,670.7,1078.5,5.430106227477738,True,25.3,114.3,,0.0,1
497.6,79.1,2322.3,50.69651317291074,True,,177.8,32683.6,469.0,1
606.0,113.8,694.5,,True,35.7,139.7,32683.6,492.7,1
596.3,595.2,1516.2,,False,53.6,177.8,32683.5,236.0,0
592.6,530.9,2898.3,67.92624813216925,False,,177.8,32683.5,645.8,1
498.6,199.6,,,False,35.7,114.3,,161.9,0
347.4,343.5,,8.31918050743787,True,,139.7,32683.5,0.0,1
438.6,635.6,527.5,,True,25.3,114.3,32683.5,394.0,1
591.2,449.8,1502.2,38.59908798588885,True,,177.8,32683.6,246.0,0
526.4,98.3,637.4,,True,71.4,139.7,32683.5,378.3,1
26.5,708.3,421.6,,True,,139.7,32683.5,0.0,0
119.7,1146.1,534.9,,True,53.6,177.8,32683.6,0.0,0
620.4,530.0,422.3,,False,48.1,177.8,,121.0,0
609.8,529.1,,15.578596889909011,False,35.7,139.7,32683.6,0.0,1
593.0,447.2,452.2,,True,48.1,177.8,32683.5,0.0,1
399.6,205.4,853.3,,True,35.7,139.7,32683.5,128.0,0
468.7,403.0,,,True,,,32683.5,0.0,0
640.8,416.7,1706.2,0.4107924135056774,True,,114.3,32683.5,720.4,1
505.8,530.8,3277.0,32.10905380912406,False,35.7,114.3,32683.6,0.0,1
555.7,591.2,625.0,,False,25.3,114.3,32683.5,149.0,0
35.6,778.8,618.7,,True,,177.8,32683.5,128.2,0
408.1,387.1,,,True,,139.7,,0.0,0
229.0,589.7,1147.9,34.316947774262495,True,35.7,139.7,32683.6,0.0,1
575.9,598.5,,,True,53.6,177.8,32683.5,0.0,1
522.7,218.4,,,True,35.7,139.7,32683.5,216.0,0
541.6,148.1,1742.0,,True,35.7,139.7,32683.5,520.8,1
253.2,492.7,516.0,,False,35.7,139.7,32683.3,0.0,0
489.7,546.6,359.0,,False,25.3,114.3,32683.3,0.0,0
344.8,191.9,2188.3,7.98601187555393,False,,177.8,,255.0,0
529.9,166.2,1560.3,50.07615195216472,True,,114.3,32683.7,0.0,1
589.7,594.7,1042.7,12.350738270762848,False,48.1,177.8,32683.5,0.0,0
596.6,598.9,301.2,,True,48.1,177.8,32683.3,0.0,0
607.5,591.9,754.5,,True,48.1,177.8,32683.5,348.8,1
162.3,655.2,782.4,,True,53.6,,32683.5,264.0,0
339.7,410.6,,47.82173633516109,True,35.7,139.7,32683.6,0.0,1
601.6,533.1,2492.1,44.19047663557495,False,,114.3,32683.6,0.0,1
455.2,435.2,,,True,,114.3,,0.0,0
360.7,570.5,3681.8,42.696832556701565,True,35.7,139.7,32683.7,544.0,1
595.2,515.7,1146.5,,False,48.0,177.8,32683.5,300.0,0
562.4,328.1,160.2,,True,35.7,139.7,,0.0,0
593.8,464.8,1535.8,3.015681622035166,False,48.1,177.8,32683.5,563.6,1
618.7,620.3,,12.799678057623693,True,60.3,177.8,32683.5,0.0,1
500.7,170.9,824.0,36.16952710365425,True,,139.7,32683.6,0.0,1
536.0,392.6,,34.97441927829225,False,,139.7,32683.7,417.5,1
499.1,83.7,1497.8,,True,,114.3,32683.5,0.0,1
636.8,524.3,1625.0,24.85404139010117,False,48.1,177.8,32683.6,0.0,0
610.5,528.6,,74.30200374350503,True,35.7,139.7,32683.7,0.0,1
618.3,471.5,1133.4,19.536739197363936,True,48.1,177.8,32683.6,536.0,1
325.6,259.4,3014.8,33.17004427772555,False,35.7,139.7,32683.6,627.0,1
61.7,831.0,433.2,,False,35.7,139.7,,103.0,0
580.6,721.5,2118.4,46.66429741685953,True,96.7,,32683.5,791.0,1
523.4,374.7,822.0,,True,35.7,139.7,32683.5,299.0,0
134.1,1129.7,745.8,,False,,,32683.3,112.9,0
611.8,29.0,1221.0,,True,35.7,139.7,32683.5,396.0,1
608.4,617.6,165.2,,True,25.3,114.3,,46.9,0
595.2,536.5,599.6,,False,35.7,139.7,,253.9,0
363.2,396.4,,,False,35.7,139.7,32683.3,0.0,0
525.5,381.7,,,True,35.7,139.7,,0.0,0
391.2,541.2,2186.3,35.27091456520685,True,35.7,139.7,32683.6,644.9,1
640.7,344.5,913.4,,False,62.6,,32683.5,248.3,0
534.6,178.3,1914.0,,True,35.7,139.7,32683.6,0.0,1
612.5,456.0,2149.6,2.9776478319207067,False,35.7,139.7,32683.5,549.1,1
553.8,441.7,1150.0,,True,35.7,139.7,32683.5,388.1,1
582.8,449.2,1079.3,,True,48.1,177.8,32683.5,502.0,1
442.9,566.0,1526.8,45.38317799510549,True,35.7,114.3,32683.6,0.0,1
501.0,557.7,2179.8,,True,25.3,114.3,32683.3,211.0,0
613.6,577.0,961.0,,True,25.3,114.3,32683.5,295.0,0
591.2,597.9,,,False,25.3,177.8,,0.0,0
600.8,480.7,1958.7,,True,48.0,177.8,32683.5,474.5,1
370.5,419.0,1023.6,,False,53.6,177.8,32683.5,255.0,0
620.5,529.4,709.0,,True,48.1,177.8,32683.5,0.0,1
515.4,510.2,1290.0,,False,,114.3,32683.5,0.0,0
598.0,544.1,611.7,,True,48.1,177.8,,317.0,0
628.2,308.2,3552.0,60.08621718803166,True,,139.7,32683.6,786.5,1
555.4,442.1,,,True,35.7,139.7,,0.0,0
360.9,385.3,1224.7,,False,,114.3,32683.3,0.0,0
436.3,652.8,995.0,19.390693097906187,False,48.1,177.8,32683.5,236.5,0
312.9,458.0,1651.3,,False,,139.7,,169.3,0
214.2,584.6,,,False,,139.7,,0.0,0
602.7,506.7,540.0,,True,53.6,177.8,,0.0,0
513.8,434.1,636.7,,True,29.8,114.3,32683.5,0.0,1
582.3,421.6,745.0,,False,35.7,139.7,32683.5,156.1,0
321.8,258.4,,39.67548017926095,True,,139.7,32683.5,0.0,1
601.5,540.4,689.0,,False,48.1,177.8,,0.0,0
521.7,216.1,878.4,,True,35.7,139.7,,0.0,0
502.8,380.3,3070.6,40.14848631786254,True,35.7,139.7,32683.5,484.0,1
574.5,379.7,1759.8,,True,35.7,139.7,32683.5,0.0,1
623.4,535.2,2426.3,45.882248961643725,True,48.1,177.8,32683.6,532.3,1
500.9,117.8,1149.8,,True,35.7,139.7,32683.5,0.0,0
624.6,403.5,1907.9,,True,35.7,139.7,32683.6,727.4,1
406.6,201.8,,,True,35.7,139.7,32683.6,0.0,1
109.0,768.6,403.0,,False,,,,0.0,0
465.8,414.6,2241.7,25.102383664000072,True,35.7,114.3,32683.5,498.8,1
533.6,578.5,,,True,,114.3,32683.6,0.0,0
479.0,107.3,,23.36234474508551,True,25.3,114.3,32683.6,483.8,1
583.9,126.8,2181.4,44.944106702985614,True,,88.9,32683.5,446.0,1
64.1,747.2,4288.5,45.372041727522,True,35.7,139.7,32683.6,827.9,1
92.7,719.9,,,True,35.7,139.7,,0.0,1
595.4,524.8,,27.36073680518036,True,,177.8,32683.5,0.0,0
587.5,725.8,1564.6,,False,25.3,114.3,,0.0,0
643.1,455.2,,,False,35.7,139.7,32683.5,0.0,0
256.7,489.3,,,True,35.7,139.7,32683.5,200.0,0
594.3,529.3,2308.2,45.11320522896632,True,48.1,177.8,32683.5,0.0,0
478.7,104.7,504.6,,False,,114.3,32683.5,0.0,0
604.9,484.0,764.8,,True,48.1,177.8,,0.0,0
629.5,470.5,,,True,,177.8,,69.0,0
564.5,602.7,2060.4,,False,53.6,177.8,32683.5,468.4,1
317.1,769.3,2264.1,31.216792517134305,True,53.6,177.8,32683.6,0.0,0
593.7,596.0,1083.0,,True,48.1,177.8,32683.5,0.0,1
567.6,394.8,,,True,,114.3,32683.5,0.0,0
399.6,375.0,1125.0,,False,53.6,139.7,,0.0,0
637.7,524.6,2606.0,67.06486204053878,True,48.1,177.8,32683.8,790.1,1
536.8,388.6,2680.7,41.58672999937853,True,,139.7,32683.7,739.0,1
588.6,596.1,1606.3,,True,48.1,177.8,,0.0,1
592.0,607.6,,,True,53.6,177.8,,0.0,0
528.1,117.8,,33.19929394830793,True,,,32683.6,0.0,1
499.6,489.7,989.0,3.0511370391374744,True,25.3,114.3,32683.5,0.0,1
614.8,475.9,,48.97598096324352,True,35.7,139.7,32683.5,0.0,0
627.8,376.6,2808.9,12.11681094509575,False,35.7,139.7,32683.6,180.9,0
457.4,344.3,622.5,,True,35.7,114.3,32683.6,403.0,1
14.3,713.4,1900.0,45.094065452066175,True,,139.7,32683.5,0.0,0
116.8,1075.4,1387.8,,True,,177.8,,0.0,0
363.8,621.2,734.0,,True,35.7,114.3,32683.5,0.0,0
477.6,646.6,,11.123180062192644,False,,114.3,32683.5,0.0,1
198.9,500.7,,,True,35.7,114.3,,0.0,0
74.1,627.1,3472.3,19.242739141475035,False,53.6,139.7,32683.7,654.9,1
82.8,680.6,,,False,,,,0.0,0
559.9,134.7,,,True,35.7,139.7,32683.5,0.0,1
600.8,575.0,1456.8,45.09456056492184,True,25.3,114.3,32683.7,785.9,1
554.2,373.9,1519.6,15.150369599855562,True,,114.3,32683.5,0.0,1
637.5,524.5,,21.35376610974556,True,48.1,177.8,32683.5,0.0,1
427.4,239.9,1593.2,,True,35.7,139.7,32683.5,0.0,0
135.8,1151.8,2195.8,,True,,139.7,,0.0,0
583.2,461.2,661.0,,True,25.3,114.3,32683.5,246.0,0
645.0,413.4,1133.2,,True,35.7,139.7,32683.5,396.0,1
464.3,127.1,,,False,25.3,114.3,,0.0,0
442.4,352.4,,6.433191173803448,True,35.7,139.7,32683.5,0.0,1
436.0,209.9,836.7,,True,35.7,114.3,,0.0,0
435.4,310.9,766.7,,False,35.7,114.3,32683.5,0.0,0
496.5,87.8,,,False,48.1,139.7,32683.3,0.0,0
420.9,282.4,2970.6,21.61159237013973,True,,139.7,32683.6,0.0,1
611.2,525.6,1722.9,,True,53.6,177.8,32683.6,509.8,1
431.7,390.3,1314.5,,True,35.7,139.7,,397.6,1
309.8,841.1,,,False,48.1,177.8,,0.0,0
620.8,551.4,1586.6,8.143198849239731,True,48.7,177.8,32683.5,0.0,1
459.9,630.6,717.0,,True,25.3,114.3,32683.6,334.0,1
475.0,110.8,,20.067316811694287,True,35.7,139.7,32683.5,0.0,1
559.3,136.1,515.5,,True,35.7,139.7,32683.3,41.4,0
405.8,274.7,,73.82823997839668,True,35.7,114.3,32683.7,0.0,1
534.9,263.9,,,True,35.7,139.7,32683.5,0.0,0
452.7,374.1,462.3,11.470913995055664,True,35.7,114.3,32683.5,179.0,0
42.8,760.1,3408.4,49.79007474819154,True,35.7,114.3,32683.7,801.5,1
597.3,597.3,,,False,57.5,177.8,32683.5,0.0,1
70.2,753.2,1747.8,,True,35.7,139.7,32683.5,418.0,1
618.3,359.7,1045.0,,True,35.7,139.7,32683.5,208.6,0
64.5,869.0,713.0,,False,35.7,139.7,32683.5,0.0,0
606.4,117.0,1699.8,,True,35.7,139.7,,261.0,0
608.4,581.5,1078.4,,True,48.1,177.8,32683.5,0.0,0
100.9,1075.0,1045.0,31.19969899619161,True,53.6,177.8,32683.5,317.0,0
396.6,110.7,,,True,35.7,114.3,,388.0,1
607.5,489.4,1488.6,43.530772305057845,False,48.1,,32683.5,623.9,1
499.5,368.0,1370.0,35.26965184653705,True,35.7,114.3,32683.6,819.0,1
157.6,1018.1,593.1,,True,,114.3,,0.0,0
523.5,176.1,,,True,25.3,114.3,32683.5,0.0,0
345.1,193.5,,,False,,177.8,32683.5,0.0,0
496.5,95.4,1948.9,,True,35.7,139.7,32683.6,855.2,1
77.4,770.6,,43.68086449119188,True,35.7,139.7,32683.6,0.0,1
593.5,529.4,646.1,,False,,,32683.5,0.0,0
217.8,719.6,733.0,,True,35.7,139.7,,424.0,1
409.2,529.5,1021.0,,True,35.7,114.3,32683.5,0.0,0
610.7,419.2,,,True,53.6,177.8,,0.0,0
628.2,368.1,,,False,35.7,139.7,32683.5,0.0,0
512.8,170.9,1176.9,9.797278527066716,True,25.3,114.3,32683.5,0.0,0
140.1,619.8,1550.3,,False,,139.7,32683.5,0.0,1
131.7,1129.1,2610.3,67.88399677069229,True,,,32683.6,776.0,1
578.1,604.6,,,True,48.1,177.8,,0.0,1
89.6,1071.9,637.9,,True,53.6,139.7,32683.6,0.0,0
564.4,602.7,427.8,,False,53.6,177.8,,129.2,0
457.3,138.6,511.2,,False,35.7,114.3,,0.0,0
454.4,52.9,699.1,,True,35.7,114.3,,184.0,0
352.0,363.9,2369.4,30.27033403286495,True,53.6,139.7,32683.6,445.0,1
81.7,957.8,2974.6,26.58881676244915,True,35.7,114.3,32683.6,440.7,1
604.3,530.6,2336.8,26.33793339110127,True,48.1,,32683.6,0.0,1
572.2,598.8,2341.4,43.60218349823843,True,53.6,177.8,32683.5,536.3,1
436.1,303.0,601.5,,False,35.7,139.7,,148.6,0
601.9,525.7,1437.1,,False,48.1,177.8,,0.0,0
575.1,604.0,2734.2,42.65459800420655,False,48.1,177.8,32683.6,563.0,1
184.3,673.9,825.5,,True,,177.8,32683.5,276.1,0
589.7,461.9,965.8,,True,35.7,114.3,32683.5,437.3,1
627.3,539.6,2598.1,,True,48.1,177.8,32683.7,0.0,1
630.1,246.9,3414.1,6.3960308850003855,True,25.3,114.3,32683.7,539.0,1
442.9,301.2,3264.9,6.425172423175246,True,35.7,114.3,32683.5,0.0,1
603.0,456.9,1071.8,,False,48.7,177.8,,378.0,1
574.4,616.4,2317.5,,False,48.1,177.8,32683.6,255.0,0
505.3,307.0,734.0,9.785884660507516,False,,114.3,32683.5,0.0,0
611.2,528.3,3633.5,56.104354487831,True,48.1,177.8,32683.7,0.0,1
609.3,458.2,1224.0,,False,25.3,114.3,32683.6,270.0,0
194.1,603.9,,,True,,114.3,32683.6,0.0,1
548.3,480.5,375.0,,True,25.3,114.3,32683.5,0.0,0
598.3,459.5,,,True,53.6,177.8,32683.6,768.6,1
628.2,521.4,,,True,48.1,177.8,,197.7,0
32.5,700.1,,,False,29.8,114.3,32683.6,0.0,0
593.7,519.5,,,False,53.6,177.8,,0.0,0
615.5,181.3,2636.1,5.425252411528327,True,,114.3,32683.5,520.1,1
606.2,115.3,670.0,,True,35.7,139.7,32683.6,0.0,1
598.4,539.6,1290.0,53.01030851720744,True,48.1,177.8,32683.6,0.0,1
602.0,530.0,844.9,,False,48.7,177.8,,0.0,0
152.3,1156.4,165.2,,False,,,32683.3,0.0,0
427.7,436.3,973.0,,False,48.1,,32683.5,778.1,1
609.5,423.1,674.3,,True,48.7,177.8,,172.8,0
595.9,455.2,1780.0,25.049286046416853,True,,114.3,32683.5,740.7,1
613.0,458.1,431.4,,False,35.7,139.7,32683.3,0.0,0
575.7,602.1,1031.8,33.30943018586988,False,53.6,177.8,32683.5,0.0,0
234.0,501.3,,,True,53.6,139.7,,0.0,1
554.2,442.5,2112.9,44.332374214010414,True,35.7,139.7,32683.6,0.0,1
631.9,517.3,,,True,35.7,139.7,32683.7,0.0,1
626.2,402.6,4852.3,71.62115872895441,True,35.7,139.7,32683.6,1014.9,1
315.3,378.4,4366.2,11.888285479390488,True,,114.3,32683.6,0.0,1
348.4,396.5,734.6,,True,35.7,139.7,32683.5,270.9,0
500.5,125.3,736.0,,False,35.7,139.7,32683.5,270.0,0
70.1,575.7,,,False,81.1,244.5,32683.5,246.0,0
634.1,473.0,,6.519128226387805,True,48.1,177.8,32683.5,0.0,1
608.3,112.9,1410.4,21.298250170131222,True,35.7,139.7,32683.5,416.0,1
645.2,445.3,476.5,,True,53.6,177.8,32683.5,0.0,1
492.9,79.5,1875.0,29.65973817214017,True,35.7,139.7,32683.6,620.9,1
541.7,355.4,3201.4,39.71498297087497,True,25.3,114.3,32683.6,569.9,1
599.5,460.2,1230.7,44.97915916412654,True,35.7,139.7,32683.7,678.9,1
390.5,595.1,830.0,,False,35.7,114.3,,216.0,0
153.2,558.0,1033.7,,True,53.6,139.7,32683.5,0.0,1
608.1,344.0,,,True,35.7,139.7,,208.9,0
38.2,745.6,3480.7,76.89423659634124,False,35.7,139.7,32683.8,1026.7,1
587.8,724.9,,,True,25.3,114.3,,0.0,0
378.5,373.9,1465.9,,False,35.7,139.7,,137.9,0
625.9,405.5,1964.3,6.304454130587613,True,35.7,139.7,32683.7,216.0,0
358.4,675.5,1124.2,,False,35.7,,,115.0,0
630.8,511.1,,,True,53.6,177.8,32683.5,0.0,1
612.5,521.7,,,True,48.1,177.8,32683.5,0.0,0
427.2,332.0,3679.2,53.87971098092299,True,35.7,139.7,32683.7,846.3,1
115.8,1074.0,,31.674874523835697,True,53.6,139.7,32683.6,0.0,1
586.9,528.3,614.7,,True,53.6,177.8,,0.0,0
403.7,522.6,4064.3,34.55998978346359,True,,177.8,32683.6,0.0,1
444.1,293.2,1905.4,,True,,114.3,32683.6,256.0,0
419.6,397.3,591.3,,True,,139.7,,180.0,0
606.8,527.5,1924.5,27.461437576646688,True,48.1,177.8,32683.7,435.6,1
458.9,449.2,1820.9,,False,25.3,114.3,,211.0,0
238.0,599.8,1571.5,39.69144975096776,False,41.6,139.7,32683.5,0.0,0
55.9,780.0,950.9,,True,35.7,139.7,32683.5,0.0,0
399.5,352.2,,37.794764222944,True,35.7,139.7,32683.7,0.0,1
595.5,116.0,626.1,,False,,101.6,,81.9,0
602.0,487.6,1497.8,73.20986166889958,True,48.1,177.8,32683.7,800.1,1
609.4,528.1,2569.3,,True,,177.8,32683.6,660.8,1
514.5,521.8,1449.3,,True,35.7,139.7,32683.5,0.0,0
530.6,392.5,1391.9,,True,35.7,139.7,,128.0,0
274.2,594.9,3384.2,42.89045845602058,True,35.7,139.7,32683.7,731.4,1
72.8,829.8,,,True,35.7,114.3,,0.0,1
585.5,521.4,,,True,35.7,139.7,,0.0,0
620.7,531.4,1678.6,,False,48.1,177.8,32683.5,370.0,1
610.5,529.2,1647.5,,True,35.7,139.7,32683.5,396.0,1
553.0,443.6,1446.8,11.132087715525696,True,35.7,139.7,32683.6,0.0,1
541.0,185.4,1992.0,,True,35.7,114.3,32683.6,0.0,1
525.8,379.0,1783.6,,True,35.7,139.7,32683.5,0.0,1
211.1,593.3,674.0,,True,35.7,139.7,32683.5,0.0,0
497.0,163.4,,,True,29.8,114.3,,0.0,0
608.2,491.2,,17.438038409924598,True,48.1,177.8,32683.6,544.0,1
496.0,87.7,1530.0,,True,35.7,139.7,32683.5,0.0,0
640.6,409.7,602.7,0.943161031454256,True,35.7,139.7,32683.5,0.0,1
297.7,667.7,,,False,35.7,139.7,32683.5,0.0,1
535.2,221.1,3158.8,48.60671171794152,False,,139.7,32683.7,777.0,1
611.3,129.3,2864.3,0.2398162085044833,True,35.7,114.3,32683.5,460.0,1
594.3,472.1,,45.01536168570528,True,48.1,177.8,32683.6,0.0,1
599.5,511.8,2711.3,10.06610167486719,True,48.1,177.8,32683.6,514.1,1
35.4,724.0,,1.463977782995293,False,53.6,,32683.6,0.0,0
94.5,1075.0,,,False,53.6,139.7,32683.6,274.3,0
274.8,600.3,1741.0,,True,,177.8,32683.5,353.9,1
528.6,218.5,497.9,,False,35.7,114.3,32683.5,0.0,0
149.7,860.0,,,True,35.7,114.3,32683.5,0.0,1
120.9,1092.3,611.0,16.850219797623584,True,,177.8,32683.6,0.0,0
317.9,977.0,1625.0,17.67718696425044,True,,,32683.6,574.3,1
578.8,721.5,754.2,19.442225154319296,True,96.7,,32683.5,536.0,1
369.3,331.9,1011.2,,False,,177.8,,0.0,1
395.4,486.5,388.8,,True,,177.8,32683.3,0.0,0
343.4,573.5,1421.0,,True,,,32683.6,0.0,0
366.5,487.0,1390.5,,True,53.6,177.8,32683.5,404.1,1
519.6,227.2,1670.1,38.15423880329992,False,25.3,114.3,32683.6,201.5,0
410.4,735.8,,42.01102265588205,True,35.7,114.3,,0.0,1
365.3,634.0,1617.8,,True,35.7,114.3,32683.5,0.0,0
411.4,543.1,760.3,,True,35.7,114.3,32683.5,0.0,0
214.9,615.8,626.0,,True,,139.7,32683.3,121.5,0
614.4,591.8,2085.3,6.809616267049861,True,48.1,177.8,32683.5,382.1,1
567.3,223.7,2665.6,,True,25.3,114.3,32683.6,654.3,1
45.8,702.8,1481.3,,False,,139.7,32683.3,0.0,0
294.4,463.9,,,True,,139.7,,0.0,0
203.0,600.7,,,True,13.9,139.7,32683.5,0.0,0
389.7,493.9,625.6,,False,35.7,139.7,,94.0,0
492.6,86.4,,,True,35.7,,32683.5,0.0,1
643.0,155.9,485.3,,False,,114.3,,213.8,0
626.9,339.4,,,True,35.7,139.7,32683.5,124.8,0
175.5,1006.7,435.0,,True,,73.0,,104.2,0
198.9,533.3,,,False,101.2,,,0.0,0
607.3,113.2,2048.3,39.160785281416565,True,35.7,139.7,32683.5,514.0,1
591.9,528.3,611.8,,False,,177.8,,0.0,0
610.2,583.5,,73.7125693143016,True,,177.8,32683.7,759.4,1
519.4,222.4,394.8,,True,35.7,139.7,32683.3,0.0,0
533.9,220.4,4165.3,43.22495091037727,True,,177.8,32683.6,0.0,1
587.9,723.3,1190.5,11.79113986662977,False,96.7,,32683.6,0.0,1
448.1,259.1,,,False,,139.7,32683.5,0.0,0
349.2,179.1,1080.3,,False,,177.8,,0.0,0
331.1,495.3,3292.4,45.05550353322339,True,35.7,139.7,32683.6,649.4,1
54.8,783.0,503.9,,False,35.7,139.7,32683.5,0.0,0
605.7,522.7,710.1,,True,53.6,177.8,,135.6,0
91.3,657.8,542.7,,False,17.3,,32683.3,150.3,0
585.1,604.5,,,True,48.1,177.8,32683.5,0.0,0
515.1,570.1,2567.1,73.52988336234759,True,48.1,114.3,32683.6,540.3,1
533.6,177.6,686.9,31.63865368110499,True,35.7,139.7,,442.0,1
427.2,377.6,707.2,9.874016567020757,True,35.7,114.3,32683.6,408.0,1
122.6,1128.2,1393.2,6.947364048049934,True,,,,403.0,1
595.6,599.2,2347.2,,True,53.6,177.8,32683.6,0.0,1
484.2,303.7,704.2,,True,35.7,139.7,32683.6,0.0,1
592.8,514.6,,45.42580158648519,True,48.1,177.8,32683.5,486.0,1
633.5,524.5,2127.9,19.37029747307388,True,48.1,177.8,,435.4,1
346.7,696.2,1066.3,,True,,114.3,32683.5,178.0,0
126.7,1169.8,,,True,53.6,,32683.6,0.0,1
618.7,620.3,,,False,60.3,177.8,,0.0,0
627.4,508.2,747.0,,True,48.1,177.8,32683.6,0.0,0
122.8,1105.3,476.4,,True,53.6,,,0.0,0
291.6,482.9,1900.9,,True,53.6,177.8,32683.5,531.9,1
110.5,1130.9,,,True,53.6,,32683.5,0.0,0
609.8,586.4,601.0,,True,,73.0,32683.5,0.0,0
530.6,383.8,699.3,,False,,177.8,,0.0,0
138.8,510.9,1104.9,,True,,,32683.7,0.0,1
313.3,458.9,704.5,32.10399154750424,True,,139.7,32683.5,0.0,1
591.8,595.3,959.1,,True,25.3,177.8,32683.5,281.3,0
639.1,460.6,3857.8,9.31876158907714,True,62.5,,32683.6,0.0,1
634.3,524.5,930.0,,True,48.1,177.8,,412.7,1
356.9,356.0,650.0,16.377811531021592,True,35.7,139.7,32683.5,0.0,1
642.5,521.2,636.2,,False,,114.3,,289.0,0
602.2,422.5,,,True,48.1,,,0.0,0
406.8,122.5,2769.0,7.274125063038373,True,35.7,139.7,32683.7,455.0,1
565.2,457.1,1065.7,13.077214328692843,True,35.7,139.7,,0.0,0
319.6,236.4,753.8,2.1721483962381845,True,,177.8,32683.6,0.0,1
400.9,730.9,438.5,,False,25.3,73.0,32683.3,70.5,0
349.1,397.5,972.2,,False,35.7,139.7,32683.6,0.0,0
467.0,139.6,394.9,,True,35.7,139.7,,137.1,0
601.9,714.5,,,True,35.7,139.7,,0.0,1
425.9,316.1,3379.2,29.735150599403507,True,35.7,114.3,32683.5,0.0,1
201.9,603.6,1676.2,,True,53.6,139.7,32683.6,627.0,1
634.6,409.7,1082.0,32.10164278867339,True,35.7,139.7,32683.6,490.0,1
503.6,115.8,3398.7,,False,35.7,139.7,,0.0,1
593.5,464.6,,6.33781682494122,False,48.1,177.8,,0.0,0
423.3,641.8,718.4,,False,25.3,114.3,,0.0,1
332.5,391.9,962.0,49.32771623155075,False,53.6,177.8,32683.6,0.0,0
530.6,392.5,,1.549215299661401,True,35.7,139.7,32683.6,0.0,0
578.8,594.9,1397.7,,True,53.6,177.8,32683.6,0.0,1
556.5,254.3,3198.0,25.41208143246218,True,35.7,114.3,32683.7,791.7,1
298.7,583.0,,,True,35.7,139.7,32683.6,0.0,1
86.4,1039.8,,25.140791871947723,True,25.3,114.3,32683.5,0.0,1
622.3,521.8,,,True,53.6,177.8,,0.0,1
604.1,530.8,740.8,,True,,177.8,32683.7,0.0,1
602.2,596.0,830.4,,False,48.1,177.8,32683.5,0.0,0
638.3,460.0,2404.8,,True,62.5,,32683.5,0.0,1
607.4,585.7,1634.4,13.278703125128152,True,,177.8,32683.6,0.0,1
601.4,551.2,460.7,,True,53.6,177.8,32683.5,0.0,0
317.5,857.6,805.3,,False,35.7,139.7,32683.5,118.0,0
65.9,981.8,,,False,53.6,139.7,32683.5,279.0,0
598.8,523.6,,67.40471532175489,True,48.7,177.8,32683.6,593.9,1
360.4,373.1,1670.0,,False,,114.3,32683.6,0.0,0
510.4,524.7,539.9,,False,25.3,114.3,,115.2,0
645.1,413.1,1102.8,23.94508663905336,False,35.7,139.7,32683.5,384.0,1
584.6,424.7,693.2,,False,35.7,139.7,32683.5,0.0,0
550.2,335.5,3093.7,15.612509724082958,True,,114.3,32683.6,0.0,1
612.8,431.2,520.0,,True,,114.3,32683.5,0.0,1
147.6,763.4,922.0,,True,53.6,139.7,32683.6,0.0,1
608.7,512.1,685.8,11.055291949487875,True,48.1,177.8,32683.5,262.3,0
232.4,541.3,,,True,35.7,114.3,32683.5,0.0,1
338.1,426.1,622.6,,False,35.7,139.7,,0.0,0
608.9,585.1,,,False,,73.0,32683.3,301.6,0
596.3,534.1,4313.1,67.16458675241324,True,48.7,177.8,32683.8,0.0,1
632.2,524.4,628.7,23.36133699606877,True,53.6,177.8,,776.0,1
496.5,87.8,2637.7,30.795342665320856,True,48.1,139.7,32683.7,789.0,1
148.2,608.7,1314.5,,True,,,32683.5,0.0,0
446.9,544.7,944.8,,True,,177.8,32683.5,437.0,1
122.1,818.5,2210.4,,True,35.7,114.3,32683.5,416.3,1
515.2,117.8,926.0,,True,35.7,139.7,32683.5,238.2,0
596.7,507.2,601.0,,False,48.1,177.8,,293.3,0
431.9,188.5,336.0,,True,25.3,114.3,,216.0,0
162.5,569.2,1000.5,,False,35.7,114.3,32683.5,0.0,0
427.5,408.1,618.6,,True,35.7,139.7,32683.5,370.0,1
139.2,1081.8,1490.9,,True,,139.7,32683.5,622.3,1
342.3,330.1,,,True,35.7,139.1,32683.5,0.0,0
605.5,203.1,1446.9,,True,35.7,114.3,,668.0,1
518.1,654.9,,1.5658885258155022,False,25.3,114.3,,0.0,0
530.8,142.3,3007.0,,True,35.7,139.7,,653.4,1
382.6,592.4,516.4,,True,35.7,114.3,,0.0,0
534.0,390.2,1507.0,,True,,139.7,32683.5,475.1,1
64.4,874.2,646.8,,False,35.7,139.7,32683.3,291.7,0
86.4,960.6,728.8,41.10926946894365,True,53.6,,32683.6,0.0,1
134.6,774.2,513.1,,False,53.6,139.7,,135.8,0
609.7,634.1,1604.7,30.510494492845712,True,96.7,,32683.5,416.1,1
482.9,322.9,,25.143273129223157,True,29.8,114.3,32683.6,0.0,1
531.5,186.5,,,True,35.7,114.3,,0.0,0
37.8,786.1,1520.5,,False,53.6,139.7,32683.3,250.9,0
379.9,682.7,,39.160785281416565,True,25.3,114.3,32683.5,0.0,1
66.4,724.6,532.0,,True,,139.7,,0.0,1
122.0,620.8,484.1,,True,53.6,139.7,,0.0,0
516.9,277.8,,,False,35.7,114.3,,0.0,0
416.6,383.9,1735.5,9.374864514773416,False,,139.7,32683.5,0.0,1
189.1,518.5,2955.3,56.39870518129951,True,,139.7,32683.8,676.8,1
590.7,516.6,1850.0,41.22502267973519,True,25.3,,32683.6,0.0,0
626.8,369.5,1354.9,31.164735007509783,False,48.1,139.7,32683.5,442.0,1
304.3,431.2,853.2,,True,35.7,,32683.5,0.0,0
533.5,178.4,1043.7,25.073812652419484,True,35.7,139.7,32683.5,618.1,1
517.6,181.8,645.8,,True,35.7,114.3,,0.0,1
379.7,636.2,,,False,29.8,114.3,32683.6,0.0,0
434.3,546.7,745.3,,True,,114.3,,198.4,0
542.2,546.9,1965.4,10.293414279562684,True,25.3,114.3,32683.6,0.0,1
562.1,418.4,880.0,,True,,114.3,,179.0,0
173.9,535.3,2046.7,12.351841361277264,True,48.1,177.8,32683.6,0.0,1
487.3,290.1,,47.557317793080486,True,25.3,114.3,32683.6,0.0,1
312.4,369.8,751.5,,False,53.6,,32683.5,0.0,0
604.5,483.0,610.0,,True,53.6,177.8,32683.6,0.0,1
317.6,463.0,873.2,27.021139260784075,True,,114.3,32683.6,416.0,1
604.4,483.0,,,True,53.6,177.8,32683.3,103.0,0
376.8,198.7,2102.2,,True,,177.8,32683.5,318.7,0
583.1,721.0,878.6,19.879654205898525,False,96.7,,32683.5,0.0,1
616.0,457.3,1640.9,48.466427463861095,True,53.6,177.8,32683.6,550.8,1
472.7,384.4,1889.6,,True,35.7,114.3,32683.5,0.0,1
322.7,252.2,1091.5,,True,,139.7,32683.5,375.3,1
608.0,460.2,394.9,,False,35.7,139.7,,0.0,0
427.9,387.4,,,False,35.7,139.7,,173.5,0
102.2,988.5,646.7,,False,35.7,114.3,32683.5,390.9,1
608.6,419.9,690.0,,False,48.7,177.8,32683.3,0.0,0
471.2,105.8,694.2,,False,35.7,139.7,32683.6,294.0,0
591.5,602.8,,,False,48.1,177.8,,0.0,0
343.7,405.4,567.8,,False,35.7,139.0,32683.5,0.0,0
556.7,446.7,1099.6,,False,35.7,139.7,32683.5,295.6,0
345.8,373.0,1625.0,23.928324177967525,True,35.7,139.7,32683.6,461.0,1
425.5,364.2,2583.4,60.25527298844176,True,53.6,177.8,32683.6,627.0,1
397.3,484.3,391.8,,True,,177.8,32683.5,0.0,0
525.5,381.7,688.0,,True,35.7,139.7,32683.5,0.0,0
114.4,1183.7,,,False,,,,0.0,0
374.9,644.6,1000.4,,True,,114.3,32683.5,0.0,0
198.5,531.2,2790.7,30.969062013683647,True,81.2,,32683.6,334.0,1
533.8,386.0,664.7,,True,35.7,139.7,32683.5,394.0,1
611.8,494.0,2049.0,11.262519290402244,False,48.7,177.8,,0.0,1
432.4,652.9,,,True,53.6,177.8,32683.5,0.0,1
589.7,527.8,2960.4,,True,60.3,177.8,32683.5,205.0,0
602.0,585.8,,,False,,114.3,32683.5,0.0,0
281.8,319.2,158.6,,True,59.5,177.8,,54.8,0
301.7,420.2,,,False,,139.7,,0.0,0
618.8,671.8,,,True,25.3,114.3,32683.6,0.0,1
489.3,84.3,,16.029340665743234,True,35.7,139.7,32683.5,0.0,1
283.6,316.0,,,True,59.5,88.9,32683.5,0.0,1
66.5,956.8,1413.4,27.88278866183032,True,35.7,139.7,32683.6,370.0,1
529.5,394.8,2841.4,33.75723912194913,False,35.7,139.7,32683.6,568.7,1
275.4,490.8,,41.68547361015573,True,35.7,139.7,32683.7,0.0,1
550.3,416.6,652.1,,False,,114.3,,0.0,0
16.9,748.1,982.2,,False,41.6,139.7,,0.0,0
377.9,328.0,2112.5,1.0140129920570673,True,35.7,139.7,32683.7,0.0,1
336.3,823.5,,,True,25.3,,32683.3,92.2,0
480.2,478.5,1102.3,,True,,114.3,,0.0,0
160.8,770.2,865.0,44.85293526783999,True,53.6,139.7,32683.5,483.0,1
555.3,442.6,1565.8,,True,29.8,114.3,32683.6,0.0,1
320.2,765.8,1390.0,67.40210142934353,True,53.6,,32683.7,0.0,1
587.6,724.6,1850.0,,True,96.7,,32683.6,609.3,1
372.4,539.1,1418.0,,False,35.7,114.3,,201.4,0
589.3,511.0,508.0,,False,53.6,177.8,32683.5,186.3,0
419.5,330.9,1275.0,7.183191714470741,True,,114.3,32683.6,219.0,0
604.9,545.3,2790.8,,True,,177.8,32683.6,535.7,1
570.6,605.0,1550.2,2.2594357136950327,True,48.1,177.8,32683.5,0.0,1
168.4,472.6,1593.4,16.49937872861655,True,,,32683.5,533.0,1
497.5,564.5,3818.1,75.50664712830846,True,25.3,114.3,32683.7,856.4,1
390.1,423.8,,19.6342201084492,True,35.7,139.7,,0.0,1
519.7,191.4,1773.5,,True,29.8,114.3,32683.6,416.0,1
330.1,408.0,445.1,,False,35.7,114.3,32683.5,279.0,0
47.9,777.5,848.0,,True,53.6,139.7,32683.5,0.0,1
595.5,217.0,1600.4,11.233378130840013,True,25.3,114.3,32683.5,576.2,1
606.0,519.3,,45.98503356542302,True,48.1,177.8,32683.6,0.0,1
620.5,346.5,1342.2,32.11943159371688,True,35.7,114.3,32683.6,0.0,1
625.3,511.5,733.2,,True,48.1,177.8,,0.0,0
85.1,1061.3,,,False,53.6,139.7,32683.5,0.0,0
610.5,529.2,1694.3,7.668268057190451,False,35.7,139.7,32683.5,0.0,0
372.6,381.6,2506.5,44.1084547425216,True,35.7,139.7,32683.6,0.0,1
395.9,479.9,956.4,51.78085967415787,True,,177.8,32683.5,178.0,0
600.5,537.9,,,True,48.1,177.8,32683.6,0.0,1
36.4,655.8,716.6,,True,41.7,139.7,32683.6,0.0,1
605.1,512.3,1871.1,,True,,177.8,32683.5,0.0,0
604.6,487.3,,22.017888123422352,True,35.7,114.3,32683.5,0.0,1
482.8,248.6,1743.1,45.73723828259878,True,,114.3,32683.7,0.0,1
542.5,148.3,,45.44720408401752,True,35.7,139.7,32683.6,0.0,1
