X Coordinate (km),Y Coordinate (km),Measured Depth (m),Deviation (deg),Abandoned (True/False),Surface-Casing Weight (kg/m),Production-Casing Size (mm),Cumulative GAS Prod. (e3m3),Month Well Spudded,Emission Rate (m3/day)
384.8,230.3,959.4,,True,41.6,139.7,32683.5,0.0,42.62003347274625
294.3,548.7,2504.7,47.479023777123096,False,,177.8,32683.6,0.0,51.23793486470936
499.0,83.8,569.5,,True,35.7,114.3,32683.5,174.7,31.671919037155835
497.6,79.1,2322.3,50.69651317291074,True,,177.8,32683.6,469.0,50.26405787900279
515.8,153.2,2480.9,9.60910046505419,False,53.6,177.8,32683.6,0.0,70.27744845675834
373.7,567.7,2572.3,75.84827055493456,True,35.7,139.7,32683.7,0.0,53.88770488287902
317.6,445.6,2100.8,,True,35.7,139.7,32683.5,415.6,57.96233927873557
567.8,602.5,2284.0,,True,53.6,177.8,32683.6,0.0,66.36156615715308
234.0,501.3,,,True,53.6,139.7,,0.0,55.79202503841015
406.6,201.8,,,True,35.7,139.7,32683.6,0.0,51.85866999047978
618.3,471.5,1133.4,19.536739197363936,True,48.1,177.8,32683.6,536.0,50.78306242629124
606.4,117.0,1699.8,,True,35.7,139.7,,261.0,45.709086091862574
100.9,1066.8,1992.2,,True,53.6,139.7,,247.2,43.635303795934206
421.6,359.8,,1.5241194228567156,True,53.6,139.7,32683.6,0.0,53.93504452666545
583.4,494.0,1486.0,,True,62.5,,32683.5,0.0,57.08448687848659
80.2,837.5,,,False,35.7,139.7,,0.0,39.726086837902486
499.6,489.7,989.0,3.0511370391374744,True,25.3,114.3,32683.5,0.0,63.07813426824667
559.9,134.7,,,True,35.7,139.7,32683.5,0.0,57.05039507017329
496.5,87.8,2637.7,30.795342665320856,True,48.1,139.7,32683.7,789.0,61.70811336054801
275.6,594.4,1483.2,5.336874815715927,True,53.5,177.8,32683.7,401.5,51.25051758887784
632.2,524.4,628.7,23.36133699606877,True,53.6,177.8,,776.0,63.477474747407975
608.2,585.1,1675.9,73.7830381615445,False,,114.3,32683.6,1264.0,51.789684314775975
302.7,380.2,445.0,,False,,177.8,32683.5,128.0,29.174750291568333
146.9,921.2,3228.0,45.19394797373514,True,25.3,114.3,32683.6,854.2,56.685749497604974
510.4,212.4,,,True,,114.3,,0.0,48.14343581431205
565.2,457.1,1065.7,13.077214328692843,True,35.7,139.7,,0.0,43.562118531266485
112.7,1080.8,,,False,53.6,177.8,32683.5,243.8,47.92946912588852
573.6,165.7,1391.9,30.667376335954145,True,81.1,244.5,32683.5,373.0,60.82349825715335
91.3,657.8,542.7,,False,17.3,,32683.3,150.3,41.01601648613418
634.3,524.5,930.0,,True,48.1,177.8,,412.7,54.51857604690966
174.3,535.8,558.9,,False,59.5,177.8,,155.2,47.14274012338691
119.6,937.9,975.6,,False,48.1,139.7,32683.5,0.0,36.78741325373494
416.3,393.5,619.0,,True,35.7,114.3,,219.0,49.52632616563317
318.5,446.4,,,False,35.7,139.7,32683.5,0.0,48.47260039775756
460.7,144.6,,,False,35.7,114.3,32683.5,157.6,39.753671089441625
317.1,769.3,2264.1,31.216792517134305,True,53.6,177.8,32683.6,0.0,33.74169490349496
593.8,480.8,1607.8,,False,48.1,177.8,32683.5,202.6,48.76258085581759
313.3,458.9,704.5,32.10399154750424,True,,139.7,32683.5,0.0,65.53887605413269
591.1,539.5,,,False,48.1,177.8,,0.0,43.68282592278625
599.1,525.6,1749.9,,True,,177.8,32683.5,511.1,55.371950780440976
598.4,479.4,,15.153066642615594,False,48.1,177.8,32683.3,0.0,37.1171043003983
609.9,585.8,453.0,,False,,114.3,32683.3,73.7,36.644118254122105
451.4,328.6,,,False,35.7,139.7,,0.0,38.48377297281161
113.6,648.9,,,True,35.7,139.7,,0.0,43.61239580373534
70.4,693.5,2172.6,,True,,139.7,32683.6,0.0,52.02644154321144
220.0,611.3,1089.8,9.31527068981523,True,35.7,114.3,32683.5,244.1,49.35517359885321
131.7,1129.1,2610.3,67.88399677069229,True,,,32683.6,776.0,57.22505065773934
189.1,518.5,2955.3,56.39870518129951,True,,139.7,32683.8,676.8,51.28585576050588
538.5,228.8,,,False,,139.7,32683.5,0.0,31.899531504138498
587.8,422.0,2118.4,11.381803413769063,True,35.7,139.7,32683.6,555.4,56.29433680559249
187.0,508.1,,,True,53.5,114.3,32683.3,0.0,46.25072039061484
591.3,546.8,569.4,,True,48.1,177.8,,0.0,41.59582490090232
570.6,605.0,1550.2,2.2594357136950327,True,48.1,177.8,32683.5,0.0,58.95716396127441
154.8,771.0,,,False,53.6,139.7,,0.0,39.576083480189446
637.6,390.6,,,False,35.7,139.7,32683.5,0.0,31.731435244013856
160.8,770.2,865.0,44.85293526783999,True,53.6,139.7,32683.5,483.0,55.81609720972166
611.4,448.0,870.7,19.626487411883005,False,48.7,177.8,32683.5,0.0,45.630606449284656
584.8,522.1,501.0,,False,53.6,177.8,,0.0,34.770582073882586
624.6,403.5,1907.9,,True,35.7,139.7,32683.6,727.4,62.45568942295216
390.1,423.8,,19.6342201084492,True,35.7,139.7,,0.0,54.67668526116681
296.4,838.6,536.3,,True,35.7,139.7,32683.5,0.0,64.4828613977973
211.4,502.5,1706.6,72.10155859166836,True,53.6,114.3,32683.7,397.0,53.34187750838817
585.6,609.3,2178.9,13.169727591935498,True,48.1,177.8,32683.5,344.0,55.00354986967111
564.5,602.7,2060.4,,False,53.6,177.8,32683.5,468.4,58.55991387413289
530.6,392.5,1391.9,,True,35.7,139.7,,128.0,46.82062395625604
604.1,593.7,471.5,,True,48.1,177.8,,0.0,47.4894133715782
420.9,364.8,753.0,0.2636305792176939,True,,139.7,,324.0,57.18591507553142
613.6,577.0,961.0,,True,25.3,114.3,32683.5,295.0,39.08616783672061
590.5,434.8,719.0,15.730789156377618,True,35.7,139.7,32683.5,468.9,53.64479937811537
357.3,188.9,1634.3,,False,,177.8,,200.0,43.96726711119165
107.4,1165.3,600.5,,True,,,32683.5,0.0,40.041999939926
26.2,688.4,914.0,,True,41.7,139.7,,265.8,45.14210661968148
589.7,527.8,,12.259087206239975,True,60.3,177.8,32683.5,0.0,54.958007544779264
85.9,554.5,,,True,81.1,,32683.5,0.0,54.85159829668866
407.2,176.2,3269.1,,True,35.7,139.7,32683.5,533.0,64.32760218608249
618.7,529.2,,,True,48.7,177.8,32683.5,400.7,53.62168983518402
436.1,303.0,601.5,,False,35.7,139.7,,148.6,33.29368573348644
64.3,777.6,670.9,,False,35.7,139.7,,166.4,40.99348408889509
517.8,390.2,,,True,35.7,139.7,32683.5,0.0,44.136190679495485
336.3,823.5,,,True,25.3,,32683.3,92.2,47.23416075567043
152.3,1156.4,165.2,,False,,,32683.3,0.0,49.75047318005883
448.6,546.6,676.0,12.297505641470426,True,,177.8,32683.5,0.0,61.05660240946696
645.1,413.1,1102.8,23.94508663905336,False,35.7,139.7,32683.5,384.0,64.39031145914822
390.7,412.3,1140.2,,True,25.3,114.3,32683.5,0.0,43.21642218422247
36.4,655.8,716.6,,True,41.7,139.7,32683.6,0.0,65.62479783966128
598.4,539.6,1290.0,53.01030851720744,True,48.1,177.8,32683.6,0.0,65.40481515869314
610.5,529.2,1647.5,,True,35.7,139.7,32683.5,396.0,56.45690013042248
491.9,569.9,,,True,35.7,139.7,32683.5,0.0,51.67638972062186
568.5,479.2,,,False,,114.3,32683.3,0.0,32.91386894166587
415.8,276.3,,,False,,114.3,32683.3,0.0,38.21149597856428
500.5,125.5,2177.1,75.64579976087703,True,35.7,139.7,32683.6,0.0,51.53287989425468
509.8,375.7,586.8,,True,35.7,139.7,,211.0,47.18793698672295
525.8,379.0,1783.6,,True,35.7,139.7,32683.5,0.0,66.32905981294934
609.8,586.4,601.0,,True,,73.0,32683.5,0.0,49.37177023617291
429.7,647.6,607.5,,False,35.7,114.3,,0.0,46.29610789175836
420.9,295.4,1944.9,9.58330272194056,True,,114.3,32683.5,376.9,50.1561379959698
604.9,545.3,2790.8,,True,,177.8,32683.6,535.7,50.69612033193783
589.7,527.8,,,True,60.3,177.8,32683.5,0.0,48.61732455885405
589.7,594.7,1042.7,12.350738270762848,False,48.1,177.8,32683.5,0.0,40.771704088587576
387.2,189.5,,26.92365279152472,False,35.7,114.4,32683.7,0.0,57.603553993540345
522.7,218.4,,,True,35.7,139.7,32683.5,216.0,41.91247317980821
575.7,602.1,1031.8,33.30943018586988,False,53.6,177.8,32683.5,0.0,46.96580017318836
596.2,593.8,1390.0,40.777980230824056,True,53.6,177.8,32683.5,665.0,54.57774862173029
411.4,543.1,760.3,,True,35.7,114.3,32683.5,0.0,43.44467972679772
482.9,322.9,,25.143273129223157,True,29.8,114.3,32683.6,0.0,57.5315314713982
332.5,506.1,599.2,,False,35.7,139.7,32683.5,0.0,49.773692432210574
518.1,170.7,,,True,,101.6,32683.6,0.0,53.10106137236856
436.0,209.9,836.7,,True,35.7,114.3,,0.0,36.30597318443323
243.4,460.1,670.0,,False,35.7,139.7,32683.5,0.0,64.58321228930188
297.1,348.6,2205.9,42.95625453902288,True,,139.7,32683.6,0.0,57.97461174887966
424.3,285.8,1373.1,41.18893480699832,True,,114.3,32683.5,696.5,51.13793600220464
626.9,340.4,496.8,,True,35.7,139.7,32683.5,394.0,69.32262279495191
377.3,645.3,1104.8,41.02761193907688,True,35.7,114.3,32683.5,670.2,51.98435652243066
489.7,546.6,359.0,,False,25.3,114.3,32683.3,0.0,49.46936330657119
293.5,408.4,,23.83084328793219,False,35.7,139.7,32683.7,0.0,60.2055963730022
529.5,394.8,2841.4,33.75723912194913,False,35.7,139.7,32683.6,568.7,52.79594113062949
349.8,330.9,,,True,35.7,139.7,32683.5,0.0,32.296310134805445
297.2,376.2,1815.6,3.068213503685261,True,,139.7,32683.6,0.0,59.33889312200476
586.2,512.9,164.4,,False,53.6,177.8,32683.3,46.3,26.098433222000963
82.8,680.6,,,False,,,,0.0,44.08216734528799
595.5,502.4,607.0,,False,,114.3,,284.0,32.65585435090831
390.5,595.1,830.0,,False,35.7,114.3,,216.0,44.91154312849941
425.9,316.1,3379.2,29.735150599403507,True,35.7,114.3,32683.5,0.0,55.5325925390498
276.8,530.1,473.5,,True,,139.7,,124.0,49.71037849015261
600.5,537.9,,,True,48.1,177.8,32683.6,0.0,52.30864366630672
431.1,642.3,602.0,,True,35.7,,32683.5,0.0,39.238975174034216
41.6,785.7,773.1,,True,41.7,73.0,32683.5,0.0,54.86937204256037
232.4,541.3,,,True,35.7,114.3,32683.5,0.0,56.83864498602335
612.9,34.4,,,True,35.7,114.3,32683.5,0.0,49.86324075816321
607.3,523.4,1131.1,,False,48.1,177.8,,294.0,45.22451172161918
603.6,530.4,599.8,15.547308243202618,True,,177.8,32683.6,246.0,42.123089295539934
596.2,593.8,591.5,,False,53.6,177.8,,0.0,48.49531618267834
601.6,542.1,607.0,,True,48.1,177.8,32683.5,328.6,55.95003513462713
293.3,350.5,4237.3,55.67428141926988,True,,139.7,32683.6,721.0,51.36663869268244
274.8,600.3,1741.0,,True,,177.8,32683.5,353.9,68.98947044426066
371.1,156.1,2092.7,,True,53.6,139.7,32683.5,473.2,56.23556802197184
591.9,530.6,832.7,,True,,177.8,,0.0,55.89907821241387
401.4,320.5,,,False,,139.7,,0.0,45.45391941025163
490.4,574.3,880.0,,True,35.7,139.7,32683.3,108.0,41.71191463517371
162.3,655.2,782.4,,True,53.6,,32683.5,264.0,43.78153911669467
511.3,475.1,4093.1,57.33212615140721,True,25.3,114.3,32683.6,673.3,60.446240867887866
627.8,376.6,2808.9,12.11681094509575,False,35.7,139.7,32683.6,180.9,48.832982628218815
411.6,193.0,456.9,,True,35.7,139.7,32683.5,0.0,50.48083383602303
499.4,201.4,,,False,,114.3,32683.5,0.0,37.36738666420146
619.7,591.0,1508.1,,True,48.1,177.8,32683.5,0.0,29.63605792960578
456.6,249.7,692.9,34.5374620078195,True,35.7,139.7,32683.5,422.3,56.07601496284765
489.3,84.3,,16.029340665743234,True,35.7,139.7,32683.5,0.0,57.90568645914935
626.2,589.0,4105.4,37.6832624311526,True,25.3,114.3,32683.6,747.6,63.37194496447148
593.7,596.0,1083.0,,True,48.1,177.8,32683.5,0.0,55.44109037209307
291.6,482.9,1900.9,,True,53.6,177.8,32683.5,531.9,54.75945889458532
582.1,566.9,2773.4,37.66518344725249,True,53.6,177.8,32683.6,0.0,54.16481900889969
591.0,521.3,2729.1,30.283001572549946,False,53.6,177.8,32683.5,339.2,59.05884869812144
332.5,396.9,,0.231717812712853,True,,114.3,32683.6,0.0,63.34499860902348
525.0,416.3,646.0,,False,,114.3,32683.5,294.0,41.94845358204673
553.8,441.7,1150.0,,True,35.7,139.7,32683.5,388.1,50.07365809503286
607.0,110.3,424.8,,True,35.7,139.7,32683.3,0.0,43.8423361093538
604.4,483.0,514.9,,True,53.6,177.8,,276.0,35.91531381041703
476.6,383.0,913.7,45.3336868965368,True,35.7,114.3,32683.5,789.4,59.48146085413799
591.2,597.9,,,False,25.3,177.8,,0.0,46.37694445284985
583.1,721.0,878.6,19.879654205898525,False,96.7,,32683.5,0.0,63.21447836094849
597.2,739.8,2248.7,22.291182583743776,True,25.3,114.3,32683.6,484.0,61.57691231430732
441.0,365.1,1628.1,36.6246952377571,True,35.7,139.7,32683.5,471.3,50.51324907332128
509.2,375.8,,,False,35.7,139.7,,40.6,42.79423883043792
297.7,472.2,,,True,,139.7,32683.5,0.0,52.15601416424194
509.3,290.9,5200.4,72.22525944400734,False,35.7,114.3,32683.7,981.3,67.80619335445718
218.3,618.7,432.9,,True,,139.7,,115.0,37.341357600032325
72.7,762.2,1491.9,14.676533707459026,True,35.7,139.7,32683.6,435.8,56.117817496601965
534.0,104.2,2613.4,43.744511041002525,True,35.7,139.7,32683.7,0.0,59.12420336803198
519.6,227.2,1670.1,38.15423880329992,False,25.3,114.3,32683.6,201.5,48.30255088374341
575.9,602.8,,,True,48.1,177.8,32683.5,94.5,36.22462307053094
630.8,511.1,,,True,53.6,177.8,32683.5,0.0,52.14000093751286
173.9,542.5,651.0,38.619623606651146,True,53.6,139.7,32683.5,0.0,53.24236738526102
628.2,368.1,,,False,35.7,139.7,32683.5,0.0,49.44454635098032
607.4,585.7,1634.4,13.278703125128152,True,,177.8,32683.6,0.0,56.61048520094722
348.1,933.0,757.7,,False,48.1,177.8,32683.6,0.0,40.91717395020112
163.4,516.0,,16.91538657500392,True,53.6,114.3,32683.5,0.0,56.83437347662547
175.5,1006.7,435.0,,True,,73.0,,104.2,49.1370208827797
509.1,355.1,1078.1,13.327047333928704,False,35.7,114.3,32683.5,0.0,36.34918923711104
183.7,672.0,,15.736618930246124,True,,139.7,32683.6,812.6,52.36583728055501
533.3,91.0,697.0,,True,,139.7,,0.0,50.10212881540036
349.1,397.5,972.2,,False,35.7,139.7,32683.6,0.0,45.98927878276273
436.3,652.8,995.0,19.390693097906187,False,48.1,177.8,32683.5,236.5,40.08399026682024
279.0,835.2,865.0,,False,35.7,139.7,32683.5,0.0,41.935506466238266
638.3,460.0,2404.8,,True,62.5,,32683.5,0.0,60.86798724053183
620.4,530.0,422.3,,False,48.1,177.8,,121.0,48.33104228164339
594.3,472.1,,45.01536168570528,True,48.1,177.8,32683.6,0.0,57.75579302900596
250.2,393.6,,8.168355041489447,False,43.2,177.8,32683.7,0.0,40.095312087999545
406.8,122.5,2769.0,7.274125063038373,True,35.7,139.7,32683.7,455.0,56.00716369205385
442.3,576.8,746.7,,False,25.3,114.3,32683.5,264.0,42.06209384804008
442.9,566.0,1526.8,45.38317799510549,True,35.7,114.3,32683.6,0.0,50.81870986980903
539.8,150.3,220.8,,False,35.7,114.3,,54.4,44.83710788081135
491.5,570.2,,,False,35.7,139.7,32683.6,0.0,49.626599492618034
153.2,558.0,1033.7,,True,53.6,139.7,32683.5,0.0,52.3899300064596
496.4,537.9,,,False,,114.3,32683.5,0.0,43.14072778107003
608.9,670.7,,,True,25.3,114.3,32683.6,0.0,39.86700928684863
606.3,555.6,439.1,,True,53.6,177.8,,149.4,46.84033023835613
25.0,726.7,1044.9,,False,,139.7,32683.5,0.0,42.04660160141465
512.4,501.0,865.0,,True,25.3,114.3,32683.5,484.5,58.18650257866153
518.1,654.9,,1.5658885258155022,False,25.3,114.3,,0.0,49.871097151235645
582.4,603.2,,,False,53.6,177.8,,103.0,48.11789658480928
463.4,266.6,256.7,,False,35.7,114.3,32683.3,80.0,42.89843081658334
399.5,352.2,,37.794764222944,True,35.7,139.7,32683.7,0.0,56.336947693508776
267.6,628.3,2259.1,15.13885397210487,True,60.3,139.7,32683.6,0.0,60.89335082622415
533.6,177.6,686.9,31.63865368110499,True,35.7,139.7,,442.0,57.62842874658936
607.9,116.4,,13.320156790080688,False,35.7,139.7,32683.5,0.0,41.60135748377298
254.4,461.1,4232.4,57.42070456868505,True,53.6,177.8,32683.6,780.6,55.30804948664595
438.6,635.6,527.5,,True,25.3,114.3,32683.5,394.0,66.66253972903249
474.0,88.6,,17.477988595392322,True,35.7,139.7,32683.7,0.0,53.13744661476654
578.1,604.6,,,True,48.1,177.8,,0.0,55.66100411854873
589.7,527.8,2960.4,,True,60.3,177.8,32683.5,205.0,46.26132529127975
595.4,524.8,,27.36073680518036,True,,177.8,32683.5,0.0,42.77369042568888
609.9,585.8,718.9,,True,,114.3,32683.3,184.0,43.0901156839104
588.5,909.7,,5.4850569691874655,True,34.3,114.3,,0.0,40.36943265898179
372.6,381.6,2506.5,44.1084547425216,True,35.7,139.7,32683.6,0.0,54.11006185197609
541.0,185.4,1992.0,,True,35.7,114.3,32683.6,0.0,61.44051765225285
625.8,275.3,650.0,,True,35.7,114.3,32683.5,197.0,40.28746437624861
618.7,620.3,,12.799678057623693,True,60.3,177.8,32683.5,0.0,55.45885583630657
179.5,479.5,,,True,81.1,177.8,32683.5,0.0,62.586625717291824
431.6,391.5,417.2,,False,35.7,139.7,32683.3,0.0,48.21538629256936
640.6,409.7,602.7,0.943161031454256,True,35.7,139.7,32683.5,0.0,56.58303706623731
60.0,726.1,1391.5,0.7914071246143497,True,35.7,139.7,32683.6,445.0,52.10819399233847
554.2,442.5,2112.9,44.332374214010414,True,35.7,139.7,32683.6,0.0,61.75126435240921
529.5,393.1,,,True,,114.3,32683.5,0.0,54.89529019465102
614.4,591.8,2085.3,6.809616267049861,True,48.1,177.8,32683.5,382.1,63.79099513568764
86.4,960.6,728.8,41.10926946894365,True,53.6,,32683.6,0.0,53.71816876035824
575.7,616.0,,44.05046088857105,False,48.1,177.8,32683.6,0.0,36.53102887285535
441.3,379.5,2568.6,30.38123209215036,True,59.5,177.8,32683.5,410.2,50.54000086788781
102.2,988.5,646.7,,False,35.7,114.3,32683.5,390.9,52.32967640137368
596.8,536.0,1120.0,,False,48.1,177.8,,0.0,35.81627481798127
619.7,536.0,966.0,,True,48.1,177.8,32683.5,321.0,49.17858417672284
587.9,520.9,,,False,53.6,177.8,32683.5,0.0,46.72746946776402
360.4,373.1,1670.0,,False,,114.3,32683.6,0.0,45.61723819306541
587.0,491.1,,,True,48.1,177.8,,0.0,40.51175188016291
595.2,160.5,2259.8,39.73830451992632,True,,114.3,32683.7,0.0,62.85106904795371
355.0,886.8,472.0,45.36607608579677,True,48.1,,32683.5,535.3,50.97391553475414
122.8,1105.3,476.4,,True,53.6,,,0.0,41.27870342584135
635.4,403.8,344.2,,False,,139.7,32683.3,0.0,46.70947011767853
608.6,419.9,690.0,,False,48.7,177.8,32683.3,0.0,48.39612299137152
608.4,617.6,165.2,,True,25.3,114.3,,46.9,41.75437887081939
499.8,125.4,1006.7,34.02527129237235,True,35.7,139.7,32683.5,396.9,50.29150420709308
55.9,780.0,950.9,,True,35.7,139.7,32683.5,0.0,48.68298845871237
539.6,149.6,1015.0,40.22439465274921,True,35.7,139.7,32683.5,450.8,54.60952922615388
464.3,400.0,,44.794678086704906,True,25.3,114.3,32683.5,0.0,53.36742498771489
593.5,464.6,,6.33781682494122,False,48.1,177.8,,0.0,35.996934108274914
585.5,521.4,,,True,35.7,139.7,,0.0,49.28558001104171
427.7,436.3,973.0,,False,48.1,,32683.5,778.1,55.67508348817172
442.4,352.4,,6.433191173803448,True,35.7,139.7,32683.5,0.0,51.46793153621187
535.7,236.2,2244.2,21.266824863835023,True,35.7,139.7,32683.7,0.0,56.931366818357006
593.8,531.2,2880.7,43.273941240517175,True,,177.8,32683.5,738.0,62.949000172333605
533.0,110.8,,45.19633813391584,False,35.7,139.7,32683.5,0.0,53.59022952474771
314.5,458.7,989.5,,True,,139.7,,0.0,46.96713831350046
422.4,503.6,,51.1978286403826,True,,177.8,32683.7,0.0,61.84699715963188
603.0,456.9,1071.8,,False,48.7,177.8,,378.0,53.01999047511043
596.4,479.5,1514.2,20.131152390990025,True,53.6,177.8,32683.5,396.0,53.9032336678492
645.5,310.5,,,True,35.7,139.7,32683.5,0.0,55.52425545380597
535.2,221.1,3158.8,48.60671171794152,False,,139.7,32683.7,777.0,54.52976552764083
41.9,814.6,,,True,,114.3,32683.6,0.0,30.58917509630849
445.2,538.2,935.9,,False,35.7,139.7,,219.0,47.05497848154259
343.4,573.5,1421.0,,True,,,32683.6,0.0,46.94934842431016
313.5,375.2,3631.9,,True,,114.3,32683.5,0.0,52.52906130116409
586.9,723.8,3299.4,45.44820103127941,True,96.7,,32683.6,0.0,65.17455118043824
270.9,567.7,611.0,,True,35.7,139.7,,0.0,29.23373345935137
478.7,113.1,,,False,35.7,139.7,,0.0,35.52504574739801
76.4,963.5,1381.2,25.258790516854088,False,53.6,139.7,32683.6,236.0,47.07561887865572
532.8,393.5,628.4,,True,,177.8,32683.5,331.4,56.54045152001184
105.4,994.6,670.0,,False,35.7,139.7,32683.5,270.0,37.81499592125154
133.8,730.4,543.5,,False,53.6,139.7,32683.3,0.0,39.93689349412508
620.6,544.3,,9.029352235170228,False,48.7,177.8,,0.0,45.04347170566584
602.0,585.8,,,False,,114.3,32683.5,0.0,48.07090595186651
100.9,1075.0,1045.0,31.19969899619161,True,53.6,177.8,32683.5,317.0,42.65999747046968
496.6,126.4,1519.8,40.98331136118552,True,35.7,,32683.5,514.1,52.298201095277896
536.0,392.6,,34.97441927829225,False,,139.7,32683.7,417.5,54.69303442886782
602.9,602.8,543.0,,False,53.6,177.8,32683.3,115.0,39.80690357525071
634.1,473.0,,6.519128226387805,True,48.1,177.8,32683.5,0.0,54.84902345044638
544.8,272.9,1459.0,,True,35.7,139.7,32683.5,537.6,54.09604656433547
500.7,170.9,824.0,36.16952710365425,True,,139.7,32683.6,0.0,58.369068934597664
298.7,583.0,,,True,35.7,139.7,32683.6,0.0,53.07699352270272
582.8,449.2,1079.3,,True,48.1,177.8,32683.5,502.0,51.00634833485757
607.8,585.0,1448.1,,True,,73.0,,0.0,33.735168515577584
640.7,344.5,913.4,,False,62.6,,32683.5,248.3,40.38640856634803
524.5,385.4,3541.3,50.44322460108873,True,35.7,139.7,32683.6,673.1,55.01774942310756
314.3,775.3,,,True,53.6,177.8,,0.0,44.39322006550026
399.6,375.0,1125.0,,False,53.6,139.7,,0.0,41.95599930655912
642.4,460.1,,,True,48.1,177.8,32683.5,0.0,52.898557083026816
425.5,364.2,2583.4,60.25527298844176,True,53.6,177.8,32683.6,627.0,56.09321060029057
553.0,443.6,1446.8,11.132087715525696,True,35.7,139.7,32683.6,0.0,50.90607051847951
631.9,517.3,,,True,35.7,139.7,32683.7,0.0,67.67346724720365
542.5,148.3,,45.44720408401752,True,35.7,139.7,32683.6,0.0,57.54969808198769
613.1,523.0,1068.1,,True,48.1,177.8,32683.5,460.0,66.56981109367618
503.6,115.7,1661.1,,True,35.7,139.7,,0.0,47.559059346171225
593.5,514.6,,54.17471366531562,True,48.1,177.8,32683.8,0.0,55.86061322574223
634.6,366.9,894.0,8.162439373407622,True,35.7,139.7,32683.7,403.0,58.239980679667056
637.7,524.6,2606.0,67.06486204053878,True,48.1,177.8,32683.8,790.1,67.72751508764256
416.6,383.9,1735.5,9.374864514773416,False,,139.7,32683.5,0.0,50.583874391072094
348.4,396.5,734.6,,True,35.7,139.7,32683.5,270.9,44.5286271703326
294.2,641.6,1867.0,,True,,139.7,32683.6,346.3,50.975192213806
538.3,227.6,,,True,35.7,139.7,,0.0,41.240537745259886
330.4,435.7,434.0,,True,35.7,139.7,32683.5,112.0,37.09010847128278
588.6,548.3,,,True,48.1,177.8,32683.5,270.0,45.07385540568731
377.9,195.4,1749.8,,False,,177.8,32683.5,0.0,42.22312959092547
320.2,765.8,1390.0,67.40210142934353,True,53.6,,32683.7,0.0,60.681829703362425
283.6,316.0,,,True,59.5,88.9,32683.5,0.0,69.11645147326817
161.6,990.2,571.7,,False,,114.3,,0.0,37.050829770768736
590.8,595.4,,,True,29.8,114.3,32683.3,0.0,33.99467158575828
238.0,599.8,1571.5,39.69144975096776,False,41.6,139.7,32683.5,0.0,49.81544438074557
509.1,147.6,1407.9,41.3129886876995,True,29.8,114.3,32683.6,0.0,55.32290391304658
599.4,543.4,,,True,48.1,177.8,32683.5,202.3,32.888983034010124
611.2,528.3,3633.5,56.104354487831,True,48.1,177.8,32683.7,0.0,60.72511804365233
608.3,112.9,1410.4,21.298250170131222,True,35.7,139.7,32683.5,416.0,68.04560097639583
576.5,615.5,500.0,,True,48.1,177.8,,0.0,49.27565240547223
489.0,291.9,5370.3,75.68742100572427,True,25.3,114.3,32683.7,0.0,63.40682700184424
440.0,617.0,956.1,0.7213044541737293,True,35.7,114.3,32683.5,383.0,60.18440762678029
593.0,542.4,1166.2,,True,48.1,177.8,32683.5,0.0,51.315939487073535
309.2,373.0,,,False,,139.7,32683.5,0.0,48.33391421666779
602.5,476.4,,,True,48.1,177.8,32683.3,120.0,44.14295184275778
332.1,574.2,2622.3,39.160785281416565,True,48.1,,32683.7,776.0,51.75237505886589
423.6,287.3,,,True,,139.7,32683.5,0.0,42.08268360810568
615.3,491.3,2547.6,60.00868608215167,True,,177.8,32683.6,619.8,50.37360764409901
348.7,697.9,600.2,,True,81.1,177.8,32683.5,438.0,64.79349141433218
562.1,418.4,880.0,,True,,114.3,,179.0,46.88595115109566
506.2,61.4,964.8,,True,,139.7,32683.5,149.0,38.2278931305771
22.6,708.8,649.3,,True,35.7,114.3,,486.0,58.63559158527799
602.3,547.7,,,True,48.1,177.8,,179.0,28.91440926118342
420.9,272.9,3308.1,64.975174875037,True,,139.7,32683.6,548.4,52.04393276723064
609.9,390.5,2599.2,68.20095295075427,True,48.1,177.8,32683.6,0.0,51.76135987889856
21.4,762.2,602.8,,True,35.7,139.7,,195.0,44.25761652058541
419.6,397.3,591.3,,True,,139.7,,180.0,27.1979989341646
304.3,431.2,853.2,,True,35.7,,32683.5,0.0,39.96569320376653
559.3,136.1,515.5,,True,35.7,139.7,32683.3,41.4,44.41882940054663
149.7,860.0,,,True,35.7,114.3,32683.5,0.0,53.322603211250005
528.6,168.7,2411.7,38.11586887931176,True,35.7,139.7,32683.6,478.0,50.42323338340482
340.7,410.0,1571.4,,False,53.6,114.3,32683.6,226.5,48.40309221663867
325.6,259.4,3014.8,33.17004427772555,False,35.7,139.7,32683.6,627.0,63.877212432108834
439.4,527.3,602.6,,False,81.1,244.5,,0.0,39.12867133337279
523.5,176.1,,,True,25.3,114.3,32683.5,0.0,48.96895681649143
502.8,380.3,3070.6,40.14848631786254,True,35.7,139.7,32683.5,484.0,54.68100617005719
591.9,29.5,4165.4,45.44511415622267,True,,114.3,32683.6,0.0,53.03746116541316
556.7,446.7,1099.6,,False,35.7,139.7,32683.5,295.6,44.53081627185278
534.4,391.8,,15.69019179907617,True,,177.8,32683.5,0.0,55.42413704303657
567.6,605.9,,,True,53.6,177.8,32683.6,0.0,69.93125352404007
525.5,381.7,688.0,,True,35.7,139.7,32683.5,0.0,44.5577493505012
329.2,465.6,1740.3,9.280556335902698,False,,114.3,32683.6,284.0,35.94365226631913
496.5,95.4,1948.9,,True,35.7,139.7,32683.6,855.2,56.14094851513762
528.1,117.8,,33.19929394830793,True,,,32683.6,0.0,65.250819819186
301.7,420.2,,,False,,139.7,,0.0,43.68009355222913
515.9,457.3,,,True,25.3,114.3,,0.0,56.7531437956574
556.6,441.7,,,True,35.7,139.7,32683.5,0.0,59.38258363241566
512.8,170.9,1176.9,9.797278527066716,True,25.3,114.3,32683.5,0.0,38.83732300280116
198.5,531.2,2790.7,30.969062013683647,True,81.2,,32683.6,334.0,51.88060762892864
556.5,254.3,3198.0,25.41208143246218,True,35.7,114.3,32683.7,791.7,65.08440436378747
518.9,529.5,2502.2,41.13854079618242,True,25.3,114.3,32683.6,843.9,51.19187704888034
533.2,509.2,1112.4,,True,,114.3,32683.5,0.0,46.642923409844265
114.4,1183.7,,,False,,,,0.0,44.18277155297013
395.9,479.9,956.4,51.78085967415787,True,,177.8,32683.5,178.0,48.955874796271154
513.0,191.7,738.4,40.88436444595031,True,35.7,139.7,32683.5,383.8,56.169513385647775
592.0,607.6,,,True,53.6,177.8,,0.0,44.27790954877821
606.2,558.9,461.8,,False,53.6,177.8,,0.0,40.172178578431456
525.1,145.3,2268.0,,True,35.7,139.7,32683.6,0.0,60.54245484204775
314.4,463.2,,9.063802701716607,True,,114.3,32683.5,0.0,52.68332268612893
556.9,171.0,690.1,,False,,114.3,,0.0,28.30442284030888
217.5,608.2,2502.0,,False,35.7,139.7,32683.6,0.0,36.27255023139925
289.3,461.8,,65.27480089683246,True,35.7,139.7,32683.6,0.0,60.17262241134311
494.5,86.4,,38.72783933764313,True,35.7,139.7,32683.5,0.0,49.32430967304636
391.7,138.4,849.0,19.21276790649808,False,,139.7,32683.6,429.0,53.045544415659606
360.9,385.3,1224.7,,False,,114.3,32683.3,0.0,45.41240108458149
609.5,672.8,932.6,,True,25.3,114.3,32683.5,547.6,62.820561738800414
591.2,544.8,1025.3,13.298275322406726,True,53.6,177.8,32683.5,536.0,66.99458138881397
26.5,708.3,421.6,,True,,139.7,32683.5,0.0,45.343093840280986
588.1,511.9,890.6,,True,53.6,177.8,32683.5,334.6,71.97092443874483
634.6,409.7,1082.0,32.10164278867339,True,35.7,139.7,32683.6,490.0,53.7111131691037
135.1,1123.5,2510.0,,True,35.7,139.7,32683.6,0.0,54.19542468939952
307.3,370.7,1822.5,,True,,139.7,32683.5,211.0,49.67197014884976
579.3,610.0,607.0,,True,48.1,177.8,,203.0,43.54085933487407
608.8,556.5,2151.0,25.523139853510497,True,53.6,177.8,32683.5,442.0,52.0260987125655
573.6,604.2,514.0,,False,48.1,177.8,32683.3,99.8,48.2676702119344
205.3,621.3,2199.7,,False,,177.8,32683.5,0.0,47.23300096854988
594.3,529.3,2308.2,45.11320522896632,True,48.1,177.8,32683.5,0.0,39.52831851314491
68.2,967.1,2265.6,13.641989467588,True,53.5,177.8,32683.6,619.4,58.54703595495317
474.3,494.8,2240.0,0.7123502914052058,True,,114.3,32683.5,0.0,53.26195001909427
312.4,369.8,751.5,,False,53.6,,32683.5,0.0,45.53716542533642
142.4,1148.6,408.6,,True,,177.8,32683.5,0.0,42.027203641614896
162.5,569.2,1000.5,,False,35.7,114.3,32683.5,0.0,46.82207828103257
548.1,131.9,1995.6,,True,35.7,139.7,32683.5,596.0,61.51198491986497
529.9,392.8,,36.13080574180647,True,,114.3,32683.7,0.0,70.49070260273591
612.6,622.5,,,True,48.7,177.8,32683.6,0.0,50.08488248970523
575.0,602.4,985.0,,False,48.1,177.8,,0.0,40.685893972592126
628.3,378.2,2403.4,32.92445336712925,True,48.1,177.8,32683.6,555.4,56.61715569141017
616.9,332.5,880.2,30.08564024795576,False,35.7,139.7,32683.7,416.3,66.56152920982892
610.5,529.2,1694.3,7.668268057190451,False,35.7,139.7,32683.5,0.0,41.97736541488749
431.9,374.3,4408.8,65.7195101831663,True,35.7,114.3,32683.6,850.6,60.00501933730984
217.8,719.6,733.0,,True,35.7,139.7,,424.0,52.55421961020848
595.6,599.2,2347.2,,True,53.6,177.8,32683.6,0.0,60.01750665073159
436.1,329.2,922.6,14.070975734884431,True,35.7,114.3,32683.5,0.0,48.62142239393618
520.7,387.2,622.8,,False,35.7,139.7,,131.9,26.44835790331996
135.7,1108.8,3280.1,2.168644564015202,True,48.1,139.7,32683.6,0.0,39.67162353627852
233.5,587.0,,,False,53.6,177.8,,0.0,47.331175020363325
372.4,539.1,1418.0,,False,35.7,114.3,,201.4,34.72474603652822
515.4,510.2,1290.0,,False,,114.3,32683.5,0.0,49.55711523343939
551.9,299.8,2858.5,45.06665336442752,True,35.7,114.3,32683.6,437.6,50.59118790421615
510.1,127.7,2381.4,,True,35.7,139.7,32683.5,796.0,52.02972152153861
592.6,541.5,2951.7,45.196410669390815,True,53.6,177.8,32683.6,0.0,55.92986914840672
44.5,781.1,1863.5,,True,53.5,114.3,32683.6,0.0,56.82730134101232
613.1,577.9,381.4,,True,25.3,114.3,32683.5,138.6,48.04922993038016
237.8,498.6,1021.0,39.68397949154408,True,35.7,139.7,32683.6,0.0,55.91358308096525
595.2,536.5,599.6,,False,35.7,139.7,,253.9,49.5295027592616
444.1,293.2,1905.4,,True,,114.3,32683.6,256.0,39.353778264196094
309.8,841.1,,,False,48.1,177.8,,0.0,28.252262288220894
601.1,517.9,,,True,48.1,177.8,32683.5,0.0,61.31952953834696
617.9,533.3,1474.3,5.114589292281643,True,48.1,177.8,32683.6,0.0,57.83818200251687
122.1,818.5,2210.4,,True,35.7,114.3,32683.5,416.3,53.28932649366958
623.5,602.9,,2.95187020363389,False,53.6,177.8,,0.0,43.677742824538925
75.2,751.6,,,False,59.5,139.7,32683.5,0.0,39.40196630086975
260.5,518.2,557.5,,True,35.7,139.7,,205.0,39.80042112614071
586.9,528.3,614.7,,True,53.6,177.8,,0.0,49.54306046983171
322.3,307.9,802.5,,False,35.7,139.7,,466.0,53.10309559133185
635.9,522.2,,,True,53.6,177.8,32683.5,0.0,57.06111264995847
298.5,761.8,,,False,35.7,,,180.0,43.84350177904654
213.1,569.6,1209.3,,True,35.7,114.3,32683.5,177.0,41.93464139295807
299.3,431.4,545.3,3.795163512922796,True,41.7,114.3,32683.6,0.0,48.97113061151341
471.2,96.9,2004.0,,True,25.3,114.3,32683.7,0.0,54.91203670595694
500.2,118.1,1579.3,,True,35.7,139.7,32683.5,0.0,68.09259706954964
120.9,1092.3,611.0,16.850219797623584,True,,177.8,32683.6,0.0,41.94371511406871
555.3,137.4,,,True,35.7,139.7,,0.0,37.934726041733406
606.4,451.2,,,True,,177.8,,0.0,38.22589707054571
290.1,396.1,,,True,,114.3,32683.5,0.0,48.59679627524849
340.4,368.1,,,True,,139.7,,0.0,46.66118888536496
489.3,107.0,1809.4,,False,,114.3,32683.5,317.0,43.17263766058335
473.4,647.3,1530.0,38.21523494137199,True,25.3,114.3,,483.8,57.109025901812615
346.7,696.2,1066.3,,True,,114.3,32683.5,178.0,36.22854952810823
628.2,521.4,,,True,48.1,177.8,,197.7,46.52568753255386
81.7,957.8,2974.6,26.58881676244915,True,35.7,114.3,32683.6,440.7,55.48124649451736
111.5,592.4,2256.6,57.83830389163854,True,53.6,,32683.6,667.4,51.08451779613616
283.9,849.5,432.1,,True,48.1,139.7,32683.3,111.0,44.95044634089311
589.7,594.7,538.8,,False,48.1,177.8,32683.3,172.5,49.22518604380461
409.2,529.5,1021.0,,True,35.7,114.3,32683.5,0.0,41.29102199606932
347.4,343.5,,8.31918050743787,True,,139.7,32683.5,0.0,60.19447239248959
281.8,319.2,158.6,,True,59.5,177.8,,54.8,37.72479136728563
545.4,416.1,2247.1,34.60190175955523,True,25.3,114.3,32683.6,585.4,59.72816792352428
591.2,449.8,1502.2,38.59908798588885,True,,177.8,32683.6,246.0,37.30077266326053
567.5,517.0,,47.02657927952873,True,,114.3,32683.5,0.0,53.95085169417824
626.3,387.7,601.0,,False,35.7,139.7,,0.0,44.5775129503618
526.9,381.5,2598.9,40.32045889869397,True,35.7,139.7,32683.6,0.0,54.70978662407708
400.9,730.9,438.5,,False,25.3,73.0,32683.3,70.5,42.40522274641841
66.4,724.6,532.0,,True,,139.7,,0.0,57.483275859002376
574.5,379.7,1759.8,,True,35.7,139.7,32683.5,0.0,64.86022197240112
214.9,615.8,626.0,,True,,139.7,32683.3,121.5,46.58961194494692
447.1,467.2,1629.7,30.5978060035446,True,35.7,139.7,32683.5,0.0,50.65236776557224
495.9,567.1,643.2,27.477763462453797,True,25.3,114.3,32683.5,322.0,55.736977634592655
592.6,530.9,2898.3,67.92624813216925,False,,177.8,32683.5,645.8,50.12401705408724
205.8,497.2,,14.975472866911849,False,35.7,114.3,32683.5,0.0,48.39185027217537
527.3,306.7,1331.6,,True,35.7,114.3,32683.5,0.0,64.26277080425214
506.4,525.8,834.4,,True,,244.5,,149.0,43.00433886091446
608.7,512.1,685.8,11.055291949487875,True,48.1,177.8,32683.5,262.3,40.22441959922075
32.5,700.1,,,False,29.8,114.3,32683.6,0.0,47.62027260734829
572.9,391.9,473.2,,True,25.3,114.3,32683.5,0.0,47.30595637952454
619.4,126.9,715.0,,False,25.3,114.3,32683.5,0.0,35.152724558868094
606.0,519.3,,45.98503356542302,True,48.1,177.8,32683.6,0.0,64.17708484669522
273.9,344.4,431.4,,True,107.2,,32683.3,0.0,43.228132051943575
459.9,630.6,717.0,,True,25.3,114.3,32683.6,334.0,65.89518107925387
518.8,186.6,709.0,,True,29.8,114.3,,0.0,32.42305488384403
482.3,214.1,,,False,29.8,114.3,32683.6,0.0,34.881033317293166
42.8,760.1,3408.4,49.79007474819154,True,35.7,114.3,32683.7,801.5,65.10280536393046
323.7,469.1,,,True,,139.7,32683.5,0.0,55.73042605513499
222.0,442.5,,,True,,,32683.5,0.0,39.911103069377845
203.0,600.7,,,True,13.9,139.7,32683.5,0.0,36.97497215891727
598.0,523.4,858.4,,False,48.7,177.8,32683.5,0.0,47.60968575736608
615.5,590.6,1818.8,,False,81.1,244.5,32683.5,0.0,48.51194209213931
524.6,377.2,995.4,,True,25.3,139.7,32683.5,0.0,56.62887360841911
382.6,380.2,,,True,35.7,114.3,32683.5,0.0,65.91402156366522
533.5,178.4,1043.7,25.073812652419484,True,35.7,139.7,32683.5,618.1,60.6762141224743
635.9,459.0,786.3,,True,62.5,,,0.0,40.87526279731957
318.1,770.1,557.1,,True,,177.8,32683.5,321.0,33.77319964583287
601.5,424.1,,,True,,114.3,,0.0,47.86737309926664
182.3,775.6,2002.5,4.163510306587778,True,,139.7,32683.5,0.0,69.55000196261477
626.0,348.7,1577.7,40.28742469294868,False,35.7,,32683.5,0.0,39.27911412784306
515.3,424.5,1925.6,37.960099478389225,True,25.3,114.3,32683.7,733.1,60.393393249980825
610.5,529.2,1453.4,45.22428980334914,True,35.7,139.7,32683.5,0.0,55.32052686575029
594.7,472.5,,,True,48.1,177.8,,128.0,43.053356359589294
611.6,531.7,668.7,,True,48.1,177.8,32683.5,328.5,57.18902002991636
420.9,282.4,2970.6,21.61159237013973,True,,139.7,32683.6,0.0,50.76834062561127
342.3,412.9,1252.4,,True,35.7,139.7,32683.6,0.0,57.48875398258392
401.3,324.3,1745.0,,False,48.1,177.8,,0.0,46.19734030118951
484.2,303.7,704.2,,True,35.7,139.7,32683.6,0.0,60.81372902134272
267.5,626.7,,34.32990491032515,True,35.7,139.7,32683.5,0.0,50.01920176587652
106.3,709.9,3503.1,47.66265381049909,True,53.6,139.7,32683.7,960.3,61.8130568022259
368.7,294.5,608.4,,True,53.6,177.8,32683.5,215.2,39.58129496866968
521.7,216.1,878.4,,True,35.7,139.7,,0.0,46.51753981752972
431.0,238.0,1716.3,15.551677897115962,True,35.7,139.5,32683.5,0.0,55.57127318133772
440.5,125.5,628.5,,True,,139.7,32683.5,0.0,44.281260124559424
635.1,289.1,,,False,35.7,114.3,,0.0,35.6970853518321
588.6,596.1,1606.3,,True,48.1,177.8,,0.0,53.518068738415984
601.8,593.9,549.7,,False,53.6,177.8,,0.0,44.59796164530521
492.6,86.4,,,True,35.7,,32683.5,0.0,52.63087952845664
602.8,530.9,2014.0,39.12690085813835,True,,177.8,32683.6,466.0,57.7786479309341
474.3,130.4,578.7,,True,35.7,139.7,32683.5,0.0,38.307125766439945
618.3,478.9,743.0,39.160785281416565,True,48.1,177.8,32683.6,500.9,55.7361702136589
470.9,113.4,,,False,35.7,114.3,32683.5,0.0,43.75915247666545
161.4,555.3,1860.8,,True,53.6,139.7,32683.5,0.0,51.88179361479808
577.9,722.4,607.5,,False,25.3,114.3,,0.0,42.94728706199695
490.4,432.9,,37.66519006688063,True,35.7,114.3,32683.7,0.0,57.700956423146536
471.7,239.1,2226.8,,True,,114.3,32683.7,0.0,52.1884397486816
515.1,570.1,2567.1,73.52988336234759,True,48.1,114.3,32683.6,540.3,60.82427718026365
595.5,526.3,338.1,,True,48.7,177.8,32683.3,52.4,49.25134431714031
608.4,110.7,2791.1,45.00818189226783,False,35.7,139.7,32683.5,298.0,43.81268412534004
607.5,531.5,458.3,,False,,114.3,32683.3,0.0,39.11051714172444
292.4,472.1,411.4,,True,,114.3,,0.0,41.92439223749056
514.7,589.3,764.5,13.329172708261751,True,,114.3,32683.5,393.6,50.11497771265562
400.1,585.5,,21.08797517451637,True,25.3,114.3,32683.5,0.0,45.09293727989461
505.3,307.0,734.0,9.785884660507516,False,,114.3,32683.5,0.0,49.00708395435083
21.6,692.0,1634.8,,False,53.6,114.3,32683.5,404.3,57.36291737694263
252.9,461.4,1355.7,45.669631648670034,True,59.5,114.3,32683.6,0.0,64.01030914429843
211.0,730.6,,15.164920272619993,True,35.7,139.7,32683.6,0.0,55.559375711289945
608.5,38.0,1146.8,,True,35.7,139.7,32683.6,0.0,55.91845530763415
620.7,531.4,1678.6,,False,48.1,177.8,32683.5,370.0,54.334650468097664
525.8,167.7,2244.1,38.268891804245534,True,,114.3,32683.5,521.5,50.37037855269092
587.6,724.6,1850.0,,True,96.7,,32683.6,609.3,70.6822768896142
461.7,529.9,1909.6,,True,48.1,,32683.6,759.2,70.8237510897192
640.4,542.1,5340.9,44.06028546007724,True,48.1,177.8,32683.7,738.4,55.625657320892856
620.5,529.4,709.0,,True,48.1,177.8,32683.5,0.0,65.82285590016575
296.2,361.6,747.0,,False,,,32683.6,0.0,47.90862967654745
446.7,536.2,3393.2,51.89207026237803,True,,177.8,,474.0,72.83522869339455
626.3,283.8,2856.9,12.046344799726738,True,,177.8,32683.6,792.8,50.63752322049258
427.5,408.1,618.6,,True,35.7,139.7,32683.5,370.0,53.24571074898343
497.0,163.4,,,True,29.8,114.3,,0.0,38.98215111399186
458.1,360.8,2720.1,28.19983362254262,True,,177.8,32683.6,560.7,52.21178409710787
413.5,592.2,652.3,,False,35.7,114.3,32683.3,87.0,47.16513719955846
435.4,310.9,766.7,,False,35.7,114.3,32683.5,0.0,49.57092482542309
375.6,377.6,692.9,,True,53.6,,32683.6,152.0,40.974235218719706
419.1,365.7,607.0,,True,35.7,139.7,32683.5,0.0,47.15124696651234
458.9,449.2,1820.9,,False,25.3,114.3,,211.0,40.380748836054856
334.1,396.8,494.1,,True,14.1,114.3,32683.5,0.0,42.38259212330493
412.6,391.2,1916.9,,True,,114.3,32683.7,652.1,61.01806237481439
511.5,92.4,1090.3,,False,35.7,139.7,32683.5,251.0,45.66269089641352
626.1,538.5,1591.0,,True,25.3,114.3,32683.5,0.0,65.0646989219691
599.1,596.2,460.2,,True,48.1,177.8,,0.0,57.266570736120286
458.3,250.4,704.7,,True,35.7,139.7,32683.5,278.1,44.57264411013769
537.2,425.7,1098.8,,True,,114.3,32683.5,0.0,36.00362503053287
92.7,719.9,,,True,35.7,139.7,,0.0,63.787660395735614
574.0,522.0,1209.5,,True,25.3,114.3,32683.5,432.0,59.914168339590205
361.1,435.5,1621.2,,True,35.7,139.7,32683.6,535.5,65.4265757444314
67.3,865.2,564.6,3.078504880747117,False,35.7,139.7,32683.5,0.0,48.972124055429006
336.2,406.4,3283.2,45.2014607120081,True,,139.7,32683.7,761.6,56.12903426409939
383.8,235.0,1014.5,,True,53.6,177.8,32683.6,0.0,56.48045404962386
562.4,328.1,160.2,,True,35.7,139.7,,0.0,49.72406236356975
517.1,115.1,,,True,35.7,139.7,,0.0,43.49288331279894
198.3,490.9,885.4,,True,53.6,114.3,32683.5,0.0,28.239785956286777
485.9,335.6,,45.362426818714304,True,35.7,114.3,32683.5,0.0,57.4431049326122
73.1,955.9,4391.6,73.90115768818345,True,53.6,139.7,32683.7,776.0,67.28531566756277
570.6,605.0,,,False,48.1,177.8,,0.0,52.63626284191602
527.1,599.9,1370.8,,True,25.3,114.3,32683.5,184.0,45.90483038226091
432.3,388.2,,,True,35.7,139.7,32683.5,0.0,52.26645152106949
330.1,408.0,445.1,,False,35.7,114.3,32683.5,279.0,36.13242156954461
554.2,373.9,1519.6,15.150369599855562,True,,114.3,32683.5,0.0,52.97188928962328
538.1,527.6,555.8,,True,,114.3,,0.0,46.83883027541858
120.5,1090.6,460.4,,True,,177.8,32683.5,322.0,55.87715096741367
387.8,197.6,,,False,35.7,139.7,32683.6,0.0,44.89849481708254
596.7,525.6,2656.7,45.22428980334914,True,,177.8,32683.6,747.7,59.1979174223917
228.9,412.1,,54.60028097906867,True,47.6,177.8,32683.5,0.0,60.48928498021667
466.4,340.9,765.3,,False,,114.3,32683.5,184.0,47.56591020444016
584.1,600.4,,,True,48.1,178.0,,0.0,44.64232349680015
536.0,120.9,,,True,35.7,114.3,32683.3,180.0,27.80019299508673
625.3,511.5,733.2,,True,48.1,177.8,,0.0,34.24100824612505
115.8,1074.0,,31.674874523835697,True,53.6,139.7,32683.6,0.0,52.68013177760274
608.0,593.2,1908.1,35.02239131141907,True,48.1,177.8,32683.6,814.6,67.52144756708861
611.0,592.0,959.1,,False,48.1,177.8,,199.1,42.64307740312325
597.8,508.2,,41.14323085087906,True,53.6,177.8,32683.7,0.0,64.78764049076119
79.9,765.8,1101.9,,False,35.7,139.7,,0.0,49.65185093015309
399.6,446.8,1098.6,,True,35.7,139.7,32683.6,0.0,57.95231518711499
379.7,681.6,2240.0,,True,25.3,114.3,32683.6,0.0,50.93398945884467
592.0,468.5,660.2,,True,35.7,139.7,,0.0,41.33410022293191
348.3,368.9,,6.886742570701294,False,35.7,139.7,32683.5,0.0,35.93135035110581
534.6,528.2,,,True,,177.8,32683.3,0.0,49.664139331040026
519.4,222.4,394.8,,True,35.7,139.7,32683.3,0.0,47.74934684153319
607.5,591.9,754.5,,True,48.1,177.8,32683.5,348.8,52.05342187116924
572.2,598.8,2341.4,43.60218349823843,True,53.6,177.8,32683.5,536.3,55.62190385158185
593.4,466.6,646.0,,False,48.1,177.8,32683.5,0.0,38.99711392518186
588.1,476.3,,,True,,177.8,32683.5,0.0,44.43268007711772
16.9,748.1,982.2,,False,41.6,139.7,,0.0,36.42576197064011
476.0,434.9,,42.48448761658776,True,,114.3,32683.5,539.0,52.53588411227704
572.5,454.7,1113.8,,True,35.7,139.7,,0.0,64.91521783417019
184.3,673.9,825.5,,True,,177.8,32683.5,276.1,40.49554038901326
116.8,1075.4,1387.8,,True,,177.8,,0.0,43.64690296837352
590.7,516.6,1850.0,41.22502267973519,True,25.3,,32683.6,0.0,40.105236000499815
605.2,512.6,509.7,,True,,177.8,,335.0,74.16828890183893
585.9,490.4,2216.7,,True,62.5,,32683.5,420.9,51.383173051917545
578.8,594.9,1397.7,,True,53.6,177.8,32683.6,0.0,56.69953197764257
465.8,414.6,2241.7,25.102383664000072,True,35.7,114.3,32683.5,498.8,58.00796697486423
64.4,983.7,,5.45680458547332,True,53.6,139.7,32683.6,0.0,56.04200412034479
463.0,433.8,923.6,,True,35.7,139.7,32683.6,581.5,73.63499137474841
430.0,353.3,2256.1,63.67978320363624,True,,114.3,32683.7,930.2,67.45709520701686
88.1,1027.6,400.9,,True,25.3,114.3,,219.0,46.799587155745975
643.0,155.9,485.3,,False,,114.3,,213.8,36.84328274148171
585.1,604.4,1110.0,,True,48.1,177.8,32683.5,514.2,61.4766647168629
556.6,442.1,386.9,,False,35.7,139.7,,0.0,41.236297097288826
427.2,377.6,707.2,9.874016567020757,True,35.7,114.3,32683.6,408.0,63.27697129042485
608.4,581.5,522.3,,False,48.1,177.8,,176.0,38.266445844784585
85.1,1061.3,,,False,53.6,139.7,32683.5,0.0,47.28712623676574
537.9,421.0,452.9,,True,,114.3,,176.0,42.466136975438175
323.7,845.2,1218.3,15.560654728235566,True,48.1,,32683.5,544.0,53.92049160048479
634.6,460.3,,,True,53.6,177.8,,0.0,36.808129824986224
16.2,658.1,515.0,,False,53.6,139.7,,95.0,39.42433783076412
607.3,113.2,2048.3,39.160785281416565,True,35.7,139.7,32683.5,514.0,57.72809137751594
602.0,530.0,844.9,,False,48.7,177.8,,0.0,37.99157442824911
414.1,177.7,1645.0,33.10060527997864,False,53.6,139.7,32683.5,416.0,65.86683546442087
601.9,714.5,,,True,35.7,139.7,,0.0,59.698583730941
547.7,93.6,1528.7,,True,,203.2,32683.7,0.0,60.770191764875264
495.4,139.0,2296.3,29.674545622591225,True,35.7,139.7,32683.5,748.9,63.550654305932525
533.2,393.5,4040.0,30.957408437215847,False,,177.8,32683.6,494.3,54.00286082217119
400.8,275.8,1706.0,42.89045845602058,True,53.5,,32683.5,0.0,58.20318945982012
370.5,419.0,1023.6,,False,53.6,177.8,32683.5,255.0,47.77258286790648
315.3,378.4,4366.2,11.888285479390488,True,,114.3,32683.6,0.0,53.81456174255317
600.8,575.0,1456.8,45.09456056492184,True,25.3,114.3,32683.7,785.9,50.31959057687206
533.0,225.0,,24.170414816277663,False,35.7,114.3,32683.6,0.0,39.71814819362887
581.0,598.7,611.9,30.360509003028653,True,48.1,177.8,32683.6,255.0,34.27991291476863
588.3,597.9,2058.6,23.6507618791287,True,48.1,177.8,32683.6,485.7,70.47852389771522
540.8,145.3,870.0,,False,35.7,,32683.6,0.0,43.64736923774476
84.5,861.9,973.5,12.558426178963018,True,35.7,139.7,32683.6,484.5,65.73596504885109
139.2,707.6,675.2,,True,53.6,139.7,32683.5,0.0,29.28240717584956
592.2,603.5,1582.8,38.18931965841493,True,48.1,177.8,32683.6,0.0,60.32088393554336
128.2,1088.6,1456.6,,False,53.6,177.8,32683.5,434.2,55.47122595993931
558.1,445.2,3014.6,72.55461553276743,True,25.3,139.7,32683.7,849.4,61.70214974088026
167.7,562.4,,,False,35.7,114.3,,325.9,54.74367142113889
609.4,528.1,2569.3,,True,,177.8,32683.6,660.8,65.1933036620914
511.1,526.3,2884.0,,True,25.3,114.3,32683.6,0.0,55.12364223945379
553.8,441.4,960.9,58.785616904809416,True,35.7,139.7,32683.6,0.0,50.14170853507353
496.4,475.6,1660.0,,True,,114.3,32683.5,0.0,51.280627534440086
607.6,584.9,1370.9,,True,,177.8,32683.6,0.0,39.11138144720568
148.2,608.7,1314.5,,True,,,32683.5,0.0,46.910110085428975
127.2,1179.5,655.1,,False,,177.8,,143.4,48.22282491761038
571.8,597.5,2621.1,45.07968173433635,False,53.6,177.8,32683.6,826.5,54.10229033210476
625.9,370.1,570.0,,False,35.7,139.7,,0.0,32.02222473149631
507.2,121.5,,45.22428980334914,False,35.7,139.7,32683.6,0.0,54.83013142697956
411.1,537.1,,30.3690399413002,True,35.7,139.7,32683.6,0.0,58.49755057662657
610.7,419.2,,,True,53.6,177.8,,0.0,46.01864156499536
593.1,517.6,,9.97862090928048,False,53.6,177.8,32683.5,0.0,69.96156236099992
306.6,455.4,1071.5,29.34560216329652,True,,139.7,32683.5,353.7,51.30962777554175
602.9,542.3,1088.1,,True,48.1,177.8,,396.0,51.66074635440074
181.9,515.3,837.9,,True,35.7,139.7,,0.0,49.308540343874434
576.8,616.3,750.0,,True,48.1,177.8,32683.5,0.0,56.92010965527082
540.5,392.2,,44.3763041402654,True,25.3,114.3,32683.6,0.0,51.18225601678691
613.5,576.7,667.0,,False,48.1,177.8,,0.0,46.7389966603736
471.2,105.8,694.2,,False,35.7,139.7,32683.6,294.0,37.58737101101991
453.5,281.8,661.9,,False,35.7,139.7,32683.5,255.0,46.73459103927426
559.6,752.5,1070.6,,True,,114.3,32683.5,302.0,41.23084907302238
602.2,596.0,830.4,,False,48.1,177.8,32683.5,0.0,43.48102911136432
611.6,594.0,1400.0,,True,48.7,177.8,,388.0,54.36933199882079
526.1,454.1,3086.4,68.0440204702038,True,35.7,139.7,32683.8,415.7,58.28987637511668
625.9,405.5,1964.3,6.304454130587613,True,35.7,139.7,32683.7,216.0,45.1410500681603
500.5,125.3,736.0,,False,35.7,139.7,32683.5,270.0,47.4886791103072
557.9,446.6,865.0,45.06222631091149,True,35.7,139.7,32683.6,0.0,69.29065542534431
553.8,440.9,,,True,35.7,139.7,32683.6,280.3,35.04146927886805
522.5,166.9,432.9,,False,35.7,139.7,32683.5,0.0,49.76017325993055
431.5,360.8,,,True,35.7,139.7,32683.5,0.0,53.63847463768958
538.3,148.7,2664.4,,False,25.3,114.3,32683.6,563.0,63.77634760347596
477.2,576.1,,,True,,,32683.5,159.9,43.4639073385694
412.7,524.0,678.3,,False,35.7,139.7,32683.5,304.3,48.083771537782056
582.3,421.6,745.0,,False,35.7,139.7,32683.5,156.1,43.29678264083717
331.1,495.3,3292.4,45.05550353322339,True,35.7,139.7,32683.6,649.4,59.95689252955791
297.7,667.7,,,False,35.7,139.7,32683.5,0.0,63.773257903567
627.3,539.6,2598.1,,True,48.1,177.8,32683.7,0.0,50.79010792372247
515.2,117.8,926.0,,True,35.7,139.7,32683.5,238.2,49.73834824120205
109.1,798.1,,,False,35.7,139.7,,0.0,39.130537319759824
36.0,701.8,1175.6,,True,,139.7,32683.5,0.0,65.02203091229683
591.8,541.9,475.9,,False,48.1,177.8,32683.3,120.0,43.44112874782089
573.9,595.9,,,True,53.6,177.8,,0.0,30.719075406622817
535.6,161.7,952.7,9.282947959775733,True,53.6,177.8,32683.5,380.8,55.74865732007086
475.4,128.1,391.7,,True,35.7,139.7,,0.0,36.97121887518314
105.9,1089.2,,9.540376888700674,True,53.6,177.8,32683.6,0.0,59.9016660730411
355.9,447.8,,8.131123815797793,True,,114.3,32683.7,0.0,65.60473281155664
604.1,530.8,740.8,,True,,177.8,32683.7,0.0,66.20177309084369
575.2,608.7,2796.9,,False,53.6,177.8,32683.5,293.0,46.98734092697878
379.5,297.6,1390.1,,True,35.7,114.3,32683.6,387.8,56.37950453409421
382.6,592.4,516.4,,True,35.7,114.3,,0.0,38.76784670592647
530.3,392.4,1405.9,19.98747968327149,False,35.7,114.3,32683.5,0.0,30.2245880513115
110.5,1130.9,,,True,53.6,,32683.5,0.0,43.55115510364767
543.0,435.7,615.0,,False,,114.3,32683.5,152.7,38.29553774270006
264.5,470.7,927.3,,True,53.6,,,437.0,60.175227444778855
589.7,527.8,1748.5,19.462634086068316,False,60.3,177.8,32683.5,269.1,41.967214678123625
505.8,530.8,3277.0,32.10905380912406,False,35.7,114.3,32683.6,0.0,57.746431577715214
605.1,512.3,1871.1,,True,,177.8,32683.5,0.0,46.18270582323776
161.1,518.0,,40.98677806273543,True,53.6,114.3,32683.5,0.0,57.63346611973584
596.6,506.5,2502.7,14.07228910934232,True,,,32683.6,795.6,53.81359014604428
644.7,251.3,565.5,,False,35.7,114.3,,0.0,41.97008912884959
130.5,952.9,,60.88070966426748,True,35.7,139.7,32683.5,0.0,59.60054911438178
533.6,578.5,,,True,,114.3,32683.6,0.0,46.70787630016509
405.8,274.7,,73.82823997839668,True,35.7,114.3,32683.7,0.0,57.03487941892615
592.8,514.6,,45.42580158648519,True,48.1,177.8,32683.5,486.0,56.43286723481624
588.5,595.8,,25.735404025969963,True,48.1,177.8,32683.6,0.0,55.27208637471922
589.3,475.5,475.4,,False,48.1,177.8,,71.2,44.34656146085246
522.8,567.3,3061.0,45.195314391493255,True,25.3,114.3,32683.7,517.1,56.149018873914
582.6,615.9,,,False,48.1,177.8,,0.0,49.32904942965829
548.4,511.7,,,False,25.3,114.3,32683.6,0.0,37.50842405217288
117.2,792.8,,45.98668177958014,True,,139.7,32683.7,0.0,51.481672334581
598.0,544.1,611.7,,True,48.1,177.8,,317.0,49.54072140470184
621.9,375.7,2205.7,,True,48.1,177.8,32683.6,624.5,54.803261208623184
453.0,677.3,2311.8,37.6651711583602,True,35.7,114.3,32683.7,1252.7,51.4908433392816
134.1,1129.7,745.8,,False,,,32683.3,112.9,40.250157792395896
597.4,540.1,,,True,48.1,177.8,32683.5,0.0,46.91283668195573
519.9,40.9,,,True,,139.7,32683.5,437.0,57.82999796654492
444.4,233.4,1464.5,9.824964123600672,True,35.7,139.7,32683.6,438.0,59.77163274966563
600.8,480.7,1958.7,,True,48.0,177.8,32683.5,474.5,61.61380094566046
309.3,467.1,856.2,,False,,114.3,32683.5,252.9,39.31414822163526
468.7,403.0,,,True,,,32683.5,0.0,43.53759951122328
628.2,308.2,3552.0,60.08621718803166,True,,139.7,32683.6,786.5,59.696182522467765
30.5,700.4,1117.8,,False,35.7,139.7,32683.6,0.0,48.04405343346362
640.2,479.5,1329.8,38.0765148748156,True,,177.8,,370.0,50.9159323485965
14.3,713.4,1900.0,45.094065452066175,True,,139.7,32683.5,0.0,32.592864105745704
445.2,859.9,3473.7,35.04285305156682,True,,177.8,32683.6,828.9,53.17066343063048
640.8,416.7,1706.2,0.4107924135056774,True,,114.3,32683.5,720.4,51.96708074598129
548.8,187.9,632.7,,True,,,,95.0,41.00410627258594
317.6,469.9,821.4,,True,,177.8,32683.5,0.0,51.22507506606184
472.7,384.4,1889.6,,True,35.7,114.3,32683.5,0.0,51.35353586781197
448.1,259.1,,,False,,139.7,32683.5,0.0,49.57302470637607
299.3,399.1,715.9,,True,35.7,139.7,32683.5,228.7,46.82182253381006
105.9,1186.1,,9.31876158907714,True,53.6,177.8,32683.5,329.0,51.884002764457534
606.2,115.3,670.0,,True,35.7,139.7,32683.6,0.0,50.40815347394297
541.6,148.1,1742.0,,True,35.7,139.7,32683.5,520.8,59.96093517864202
516.0,654.9,1745.0,,False,,114.3,32683.6,0.0,46.6256839145009
579.9,540.8,1573.5,35.27311852900726,True,35.7,139.7,32683.6,545.0,70.19876011176352
296.2,474.7,2796.2,22.006327215557107,True,,139.7,32683.6,588.8,50.43508153895795
69.2,723.1,,,True,48.1,139.7,,0.0,63.29309113080205
608.0,572.8,1048.5,11.375474793038595,False,,177.8,32683.5,0.0,37.396597319175214
537.3,242.5,2167.8,11.97233400954044,True,35.7,139.7,32683.5,0.0,53.42049913537824
631.3,379.9,1108.9,45.06549147546452,True,35.7,139.7,32683.5,0.0,55.82351553230736
630.1,246.9,3414.1,6.3960308850003855,True,25.3,114.3,32683.7,539.0,58.12707071232143
532.0,156.1,1991.9,25.22346511285575,True,25.3,114.3,32683.6,0.0,70.58956551507919
376.8,198.7,2102.2,,True,,177.8,32683.5,318.7,28.921310177085655
410.4,735.8,,42.01102265588205,True,35.7,114.3,,0.0,64.86049610141347
608.2,103.0,,47.33649393410916,True,25.3,114.3,32683.7,0.0,63.50293040907814
567.6,394.8,,,True,,114.3,32683.5,0.0,38.73274523375982
64.5,869.0,713.0,,False,35.7,139.7,32683.5,0.0,43.881972498555
122.0,620.8,484.1,,True,53.6,139.7,,0.0,39.164552680561
578.8,721.5,754.2,19.442225154319296,True,96.7,,32683.5,536.0,50.26862489389495
598.3,459.5,,,True,53.6,177.8,32683.6,768.6,56.27157037258705
425.4,360.0,534.5,,True,,139.7,32683.3,134.9,38.2176105336608
553.0,129.4,1807.2,32.02970213150362,True,,,32683.5,0.0,53.64303460612067
590.0,509.2,,,True,48.1,177.8,32683.5,212.0,41.20800513966276
553.4,442.9,1748.5,,True,35.7,139.7,32683.5,396.0,54.31684504966626
366.5,487.0,1390.5,,True,53.6,177.8,32683.5,404.1,51.81483433889597
396.8,493.3,1065.0,,True,,177.8,32683.6,0.0,57.44244465920559
635.4,458.7,3451.4,44.2516462631511,True,62.5,,32683.6,962.6,57.67598911216016
344.3,399.0,803.8,,False,53.6,139.7,,0.0,45.20073183972685
45.8,702.8,1481.3,,False,,139.7,32683.3,0.0,44.16785113739228
122.7,1164.6,,,True,53.6,177.8,32683.6,0.0,67.33990183199016
597.3,597.3,,,False,57.5,177.8,32683.5,0.0,66.01990442042583
524.5,360.1,,,True,,114.3,32683.5,0.0,46.75237436354219
563.3,586.4,1983.6,73.82767911985577,True,25.3,114.3,32683.6,544.9,50.10530997427441
535.4,238.7,939.8,,True,35.7,139.7,32683.5,0.0,29.657015841690782
595.9,455.2,1780.0,25.049286046416853,True,,114.3,32683.5,740.7,50.98766999267463
592.8,515.0,,23.20821390342425,True,48.1,177.8,32683.5,0.0,56.99599414979405
575.1,604.0,2734.2,42.65459800420655,False,48.1,177.8,32683.6,563.0,66.79036422390237
611.8,356.9,,,True,35.7,139.7,32683.6,0.0,62.1435806305727
592.1,457.0,735.3,,True,53.6,177.8,,0.0,43.81654440698728
612.8,431.2,520.0,,True,,114.3,32683.5,0.0,51.60630909454278
605.5,579.6,4369.9,31.680733555400955,True,53.6,177.8,32683.7,841.3,56.95500441658926
627.3,525.7,870.0,,False,53.6,177.8,32683.5,261.0,43.19767724375959
597.5,525.3,,,False,48.1,177.8,32683.5,0.0,38.12984260042562
434.0,283.5,,,False,35.7,139.7,32683.5,266.0,46.51232300015765
606.7,577.4,,,True,48.1,177.8,32683.5,0.0,61.56690423194561
626.2,402.6,4852.3,71.62115872895441,True,35.7,139.7,32683.6,1014.9,63.01698044851858
638.2,527.1,,,True,48.1,177.8,32683.3,0.0,43.48379197906469
402.6,146.0,2829.3,40.14705829080502,True,35.7,139.7,32683.6,854.0,53.595799330875614
574.4,616.4,2317.5,,False,48.1,177.8,32683.6,255.0,33.94935913821638
242.5,575.4,,,False,53.6,177.8,32683.5,89.3,35.64516535059171
500.9,117.8,1149.8,,True,35.7,139.7,32683.5,0.0,44.33898055773536
584.5,530.6,1579.1,,True,53.6,177.8,32683.6,0.0,33.646886990013925
604.9,484.0,764.8,,True,48.1,177.8,,0.0,33.52851602291031
551.3,98.3,1363.3,38.11662401314682,False,35.7,139.7,32683.5,466.0,61.85603637668293
598.8,764.6,670.8,,True,35.7,114.3,32683.5,0.0,40.401229294073055
376.4,300.4,1275.0,39.63316377566803,True,25.3,114.3,32683.6,0.0,51.35654727126238
590.6,595.5,515.0,,True,48.1,177.8,32683.6,246.0,46.59996077084434
611.9,587.6,,,False,25.3,114.3,32683.5,88.0,31.327023709666943
514.5,521.8,1449.3,,True,35.7,139.7,32683.5,0.0,43.610677041669824
397.3,484.3,391.8,,True,,177.8,32683.5,0.0,47.23246770068975
548.6,326.6,,,False,,88.9,,0.0,39.27301007273627
541.7,355.4,3201.4,39.71498297087497,True,25.3,114.3,32683.6,569.9,54.35473635236413
396.3,277.4,,,True,35.7,139.7,32683.5,0.0,58.76946227477667
596.7,513.0,316.7,,False,60.3,177.8,,92.3,43.6240228241015
430.5,659.6,,,False,35.7,114.3,,0.0,44.508521615123584
274.2,594.9,3384.2,42.89045845602058,True,35.7,139.7,32683.7,731.4,61.68094620876267
601.6,525.6,1427.0,,True,48.1,177.8,,0.0,71.60036170605608
328.0,375.7,1428.0,,True,35.7,139.7,32683.5,338.3,53.643632431069086
601.4,551.2,460.7,,True,53.6,177.8,32683.5,0.0,44.99537492464914
577.7,600.7,,48.21805889296249,True,48.1,177.8,32683.6,0.0,55.1033437508969
370.4,416.3,3967.5,40.753370325961,True,53.6,,32683.7,829.8,52.1147367926549
607.3,544.3,1036.3,12.94268734267408,False,48.1,177.8,32683.5,0.0,38.42539616145218
611.3,129.3,2864.3,0.2398162085044833,True,35.7,114.3,32683.5,460.0,63.95910268331154
635.7,539.2,782.1,,False,,114.3,32683.5,0.0,37.4614511990749
502.6,1.4,,,True,35.7,114.3,,0.0,43.89262467718631
607.4,526.8,966.0,,True,48.1,177.8,,416.0,56.05226255296397
616.1,588.2,,,True,48.1,177.8,32683.3,0.0,39.82601409967568
580.9,599.1,637.0,,True,48.1,177.8,,368.0,60.49188246085749
379.7,636.2,,,False,29.8,114.3,32683.6,0.0,38.89343562019334
595.5,217.0,1600.4,11.233378130840013,True,25.3,114.3,32683.5,576.2,60.32727917510567
85.6,1066.7,162.2,,False,,177.8,32683.3,0.0,47.56316075689829
486.8,239.5,1890.0,,True,35.7,114.3,32683.5,0.0,48.14625276044524
72.1,719.6,638.3,,False,53.6,139.7,,241.0,49.13195866502519
637.8,256.1,1017.0,,False,35.7,139.7,32683.6,276.0,41.74798063078315
583.2,721.0,646.2,,False,97.6,,,155.0,45.81253736632175
364.5,571.5,701.0,,True,35.7,139.7,32683.3,0.0,41.35841372531549
419.5,330.9,1275.0,7.183191714470741,True,,114.3,32683.6,219.0,45.08080147814958
86.3,1169.3,1765.0,27.88647230722741,False,48.1,177.8,32683.5,0.0,42.22602774147645
366.4,573.1,581.0,,False,35.7,139.7,32683.6,297.7,43.7231562457544
608.9,585.1,,,False,,73.0,32683.3,301.6,46.807945604213934
626.8,369.5,1354.9,31.164735007509783,False,48.1,139.7,32683.5,442.0,53.54176059235675
591.5,602.8,,,False,48.1,177.8,,0.0,48.0064705847149
60.0,721.7,1891.2,0.8606734092033616,True,53.6,139.7,32683.5,283.0,38.31199463152467
524.5,380.2,786.2,19.34818674004153,True,35.7,139.7,32683.6,650.7,50.93340136249616
612.8,404.5,557.6,,True,48.0,,,0.0,62.2852205029812
186.9,517.4,1125.0,22.26266660668118,True,53.6,114.3,32683.6,441.7,60.61853162486037
368.5,330.3,2530.0,29.658251059040225,True,,177.8,32683.6,504.0,52.59760696069092
517.3,97.0,,34.38242852608816,True,35.7,139.7,32683.6,0.0,58.09019146398352
310.7,456.8,,,False,,177.8,,0.0,47.15384490320526
391.2,541.2,2186.3,35.27091456520685,True,35.7,139.7,32683.6,644.9,50.26822453039918
513.8,434.9,2598.2,9.273309846232538,False,,114.3,32683.6,843.0,50.50693919478967
601.5,540.4,689.0,,False,48.1,177.8,,0.0,38.32080730115852
297.5,392.5,1864.7,,True,53.6,139.7,32683.5,212.0,47.70665474569381
215.1,573.4,670.6,,True,,177.8,32683.5,0.0,44.24580581814398
201.9,603.6,1676.2,,True,53.6,139.7,32683.6,627.0,56.44945236147879
89.9,717.0,3233.5,34.28603375318204,True,,139.7,32683.7,667.7,51.93377445927296
649.6,255.9,1813.3,3.098937438269569,True,35.7,139.7,32683.6,476.0,51.807927034198286
104.9,1163.5,,,True,53.6,,,0.0,47.759414875707954
536.3,222.3,972.2,,True,35.7,139.7,,266.0,43.291176689718434
462.7,257.3,2227.0,26.78338298982549,True,,139.7,32683.6,0.0,52.42149684212768
528.6,218.5,497.9,,False,35.7,114.3,32683.5,0.0,42.91728371906248
529.1,141.6,,,True,35.7,139.7,,0.0,37.53096172411319
511.1,134.5,,8.210091594203835,True,35.7,139.7,32683.5,0.0,55.34368293799734
613.0,458.1,431.4,,False,35.7,139.7,32683.3,0.0,45.59755161244357
608.2,491.2,,17.438038409924598,True,48.1,177.8,32683.6,544.0,66.22306899057034
235.9,489.1,,37.68108191513747,True,41.6,139.7,32683.6,930.0,52.67357572112508
595.0,406.9,1142.9,,True,25.3,114.3,32683.5,0.0,57.822177909981534
568.8,456.8,1945.1,,False,35.7,139.7,32683.5,0.0,57.942302769380525
637.5,524.4,771.2,,False,48.1,177.8,,168.0,48.05919902398642
524.6,894.5,1068.6,38.68861416099521,False,35.7,139.7,32683.5,856.8,52.26944143593262
126.7,1169.8,,,True,53.6,,32683.6,0.0,50.430879561996576
502.4,170.6,,,False,35.7,139.7,,0.0,69.22584690353457
542.2,546.9,1965.4,10.293414279562684,True,25.3,114.3,32683.6,0.0,58.48385414444356
442.9,301.2,3264.9,6.425172423175246,True,35.7,114.3,32683.5,0.0,51.20853525933946
45.1,955.1,,,True,53.6,177.8,,0.0,39.17814594151942
613.7,202.3,2244.3,,True,,114.3,32683.5,0.0,48.32991481624004
35.6,778.8,618.7,,True,,177.8,32683.5,128.2,42.67346699019351
620.5,346.5,1342.2,32.11943159371688,True,35.7,114.3,32683.6,0.0,56.765896817091146
94.5,1075.0,,,False,53.6,139.7,32683.6,274.3,48.8426756116472
454.4,342.6,591.6,,True,,,32683.5,0.0,42.371717971429945
595.2,515.7,1146.5,,False,48.0,177.8,32683.5,300.0,46.06583903722874
592.7,409.4,,44.270637630258506,True,25.3,114.3,32683.5,0.0,56.58057089982063
247.1,540.3,1489.9,27.04255970889461,True,,177.8,32683.6,604.7,58.98633155229106
147.6,763.4,922.0,,True,53.6,139.7,32683.6,0.0,54.59192235797758
354.2,372.3,473.8,,False,,114.3,,168.0,48.53725877780134
643.1,455.2,,,False,35.7,139.7,32683.5,0.0,47.43738449349183
598.7,512.3,676.0,,False,53.6,177.8,32683.5,205.3,46.335777415022285
64.1,747.2,4288.5,45.372041727522,True,35.7,139.7,32683.6,827.9,63.81945004118788
533.8,386.0,664.7,,True,35.7,139.7,32683.5,394.0,51.73516422649077
492.9,79.5,1875.0,29.65973817214017,True,35.7,139.7,32683.6,620.9,50.40663172863927
485.7,296.2,532.0,,False,35.7,139.7,,124.3,32.706853062522825
289.7,618.0,1480.9,12.923490881726478,True,,177.8,32683.6,505.7,62.308583845763145
580.6,721.5,638.3,,True,96.7,,,0.0,54.38979288846159
564.5,403.6,1347.6,30.90050321785092,True,,114.3,32683.6,0.0,54.01401014703119
529.9,166.2,1560.3,50.07615195216472,True,,114.3,32683.7,0.0,58.9550788245947
601.6,533.1,2492.1,44.19047663557495,False,,114.3,32683.6,0.0,57.517389769051285
286.1,574.9,2342.6,47.67370004463433,True,35.7,114.1,32683.5,0.0,55.2955469621874
166.2,532.8,741.2,,True,29.8,114.3,,211.0,43.086697022018
434.3,546.7,745.3,,True,,114.3,,198.4,49.34286169606832
482.8,248.6,1743.1,45.73723828259878,True,,114.3,32683.7,0.0,51.0157630046136
170.8,784.9,466.3,,True,35.7,139.7,,316.6,32.32454173409009
519.7,191.4,1773.5,,True,29.8,114.3,32683.6,416.0,55.085731582019605
301.8,472.8,,11.658421026747154,True,,139.7,32683.5,0.0,61.06139394595616
146.7,556.8,965.0,,True,35.7,139.7,32683.5,355.1,71.22829256604504
615.9,621.5,951.0,30.951175428304342,False,60.3,177.8,32683.6,0.0,44.221891350207386
589.7,461.9,965.8,,True,35.7,114.3,32683.5,437.3,56.08593029819719
385.7,615.9,603.3,,True,,114.3,32683.6,323.0,61.37079605813189
518.2,40.8,539.1,,True,35.7,139.7,,54.0,41.51671163746885
591.3,537.4,1942.2,41.14784519213541,True,53.6,177.8,32683.5,0.0,56.20622074706859
324.7,396.1,2875.8,,True,35.7,139.7,32683.7,0.0,59.95202459172421
138.8,510.9,1104.9,,True,,,32683.7,0.0,54.24978094328882
339.8,357.9,715.0,,False,,139.7,32683.6,382.9,62.72586105069696
61.4,664.8,,46.02519387029285,True,35.7,114.3,32683.6,0.0,53.45709767947424
598.8,523.6,,67.40471532175489,True,48.7,177.8,32683.6,593.9,53.39378004398897
601.9,525.7,1437.1,,False,48.1,177.8,,0.0,43.27547682371127
573.9,595.9,1000.9,,True,53.6,177.8,32683.6,449.3,61.97303337120093
548.3,480.5,375.0,,True,25.3,114.3,32683.5,0.0,47.21733592746153
636.3,460.2,1476.8,37.68379076487322,False,89.3,,32683.6,0.0,59.071816597988544
576.8,606.8,786.9,,False,25.3,114.3,,170.6,31.06159470036893
530.4,473.4,693.0,,False,25.3,114.3,,84.0,40.84720790462976
211.1,593.3,674.0,,True,35.7,139.7,32683.5,0.0,45.96566018776691
556.0,440.3,1355.3,,True,25.3,114.3,32683.6,403.0,60.96819918900961
622.3,521.8,,,True,53.6,177.8,,0.0,57.19301550487178
390.7,488.9,,12.75449537001164,False,35.7,139.7,32683.5,0.0,51.21790411040928
132.2,1082.3,,,False,,177.8,32683.6,242.2,44.961832714315705
516.9,277.8,,,False,35.7,114.3,,0.0,30.39140660022145
498.2,126.4,,,False,35.7,139.7,32683.3,0.0,47.59596820737372
509.2,522.4,1693.6,,True,25.3,114.3,32683.5,205.0,42.72896107675401
465.5,533.8,,,False,,114.3,,0.0,44.48300701298022
554.2,149.4,2004.0,25.0979383039026,True,25.3,114.3,32683.5,421.2,60.26158606831126
593.8,464.8,1535.8,3.015681622035166,False,48.1,177.8,32683.5,563.6,62.57383834639116
87.6,862.2,,,True,35.7,139.7,32683.5,0.0,46.33803516102684
432.4,652.9,,,True,53.6,177.8,32683.5,0.0,52.11642570063403
478.1,358.0,814.9,23.25455082913077,True,35.7,139.7,32683.6,671.0,59.8087278524512
589.0,531.8,514.0,,True,60.3,177.8,,103.0,47.964221657312684
593.5,529.4,646.1,,False,,,32683.5,0.0,45.16832901921971
549.6,327.5,,41.15933125199103,True,,114.3,32683.6,0.0,57.19562923911239
464.3,127.1,,,False,25.3,114.3,,0.0,40.91213806076709
338.1,426.1,622.6,,False,35.7,139.7,,0.0,49.64649601120964
617.6,621.3,,25.9923423897188,True,60.0,177.8,32683.6,0.0,62.72279645306941
609.8,529.1,,15.578596889909011,False,35.7,139.7,32683.6,0.0,57.00319654606277
596.3,534.1,4313.1,67.16458675241324,True,48.7,177.8,32683.8,0.0,54.9597496372424
609.0,447.6,1485.9,,True,48.0,177.8,32683.6,618.1,62.22018589857667
312.9,458.0,1651.3,,False,,139.7,,169.3,45.014316194454
216.7,602.6,514.0,,True,,139.7,,128.0,45.396938720328855
431.9,188.5,336.0,,True,25.3,114.3,,216.0,46.19178479603871
317.9,977.0,1625.0,17.67718696425044,True,,,32683.6,574.3,61.382981952355
586.5,528.4,387.8,,True,53.6,177.8,32683.5,87.5,44.915045383224445
316.8,777.6,2505.6,28.997255209093908,True,35.7,,32683.5,561.7,50.594891315709454
401.8,499.4,747.5,,True,,114.3,32683.5,550.1,50.45642416255745
496.0,87.7,1530.0,,True,35.7,139.7,32683.5,0.0,44.382731969395046
629.5,470.5,,,True,,177.8,,69.0,49.16120804811502
602.5,548.5,1838.3,,True,,177.8,32683.5,0.0,48.99286937121264
95.8,957.9,2421.1,36.88622474558972,True,25.3,114.3,32683.6,678.7,57.01122528352708
445.7,280.2,,,True,,114.3,,0.0,45.85669305463183
37.6,737.8,,14.133569907931909,True,35.7,139.7,32683.6,0.0,67.96506698699653
329.3,468.7,,12.843005207087357,True,41.6,139.7,32683.5,0.0,59.24866052015274
620.8,551.4,1586.6,8.143198849239731,True,48.7,177.8,32683.5,0.0,65.36353212910726
70.2,753.2,1747.8,,True,35.7,139.7,32683.5,418.0,52.13338053252164
610.7,418.8,,,False,35.7,139.7,,0.0,44.597319766724056
635.9,544.2,,,True,81.1,219.1,32683.5,0.0,54.08083305394712
556.6,441.7,3402.8,44.70539177630141,True,35.7,139.7,32683.6,533.0,70.34063412497574
373.6,856.2,,21.213188701371248,True,81.1,139.7,32683.5,0.0,67.09050082271708
197.4,542.6,400.6,,False,,,32683.3,0.0,42.276834063200106
72.5,776.5,,34.58341558099862,True,,139.7,32683.5,0.0,72.26919927386402
605.5,203.1,1446.9,,True,35.7,114.3,,668.0,61.359338473456106
478.7,104.7,504.6,,False,,114.3,32683.5,0.0,47.728637109510224
593.7,519.5,,,False,53.6,177.8,,0.0,34.92148235584245
510.4,524.7,539.9,,False,25.3,114.3,,115.2,47.660599515002446
359.4,363.7,1009.3,5.995022010614829,True,,114.3,32683.5,315.0,45.64925463827301
531.0,526.5,821.4,,True,,114.3,,411.0,52.59687378434254
356.9,356.0,650.0,16.377811531021592,True,35.7,139.7,32683.5,0.0,60.98989004680256
175.1,786.1,3164.9,19.09238535896936,True,,114.3,32683.7,0.0,54.614548189071805
468.3,647.0,1031.3,9.315618731164566,False,25.3,114.3,32683.5,259.4,44.78943313184206
453.7,534.5,,13.009425875466317,True,25.3,114.3,32683.6,0.0,53.16790351726625
457.4,344.3,622.5,,True,35.7,114.3,32683.6,403.0,63.74312692481583
342.3,330.1,,,True,35.7,139.1,32683.5,0.0,45.93155585094979
550.9,135.4,527.1,,False,35.7,139.7,,107.9,40.65463413371975
46.3,823.2,2915.5,65.62368456965018,True,35.7,139.7,32683.7,814.2,65.7815756874691
395.4,486.5,388.8,,True,,177.8,32683.3,0.0,37.2571429573553
615.5,181.3,2636.1,5.425252411528327,True,,114.3,32683.5,520.1,58.97130737968873
89.6,1071.9,637.9,,True,53.6,139.7,32683.6,0.0,44.19885220446386
627.7,402.8,1007.0,46.86373151986171,False,35.7,139.7,,239.0,43.52379338715685
47.9,777.5,848.0,,True,53.6,139.7,32683.5,0.0,61.500044713096216
368.8,285.9,532.0,,False,59.5,177.8,,103.2,49.67007373241151
577.7,455.2,1325.9,,True,35.7,139.7,,0.0,49.43818398801016
372.2,376.1,2063.3,72.36453163484751,True,35.7,139.7,32683.6,596.0,56.60342371825899
515.7,196.8,602.7,10.291956989718315,True,35.7,114.3,32683.5,233.7,27.39221653096388
446.9,544.7,944.8,,True,,177.8,32683.5,437.0,56.8991499121703
452.7,374.1,462.3,11.470913995055664,True,35.7,114.3,32683.5,179.0,49.44181316346101
524.2,266.8,910.2,1.0115959173874678,True,35.7,139.7,32683.6,638.8,67.74184768593865
64.4,874.2,646.8,,False,35.7,139.7,32683.3,291.7,44.55311955920991
580.7,720.8,,,False,25.3,114.3,32683.3,0.0,45.02383318602689
592.6,525.9,1955.0,,False,60.3,177.8,32683.5,0.0,34.061335906418535
604.6,487.3,,22.017888123422352,True,35.7,114.3,32683.5,0.0,55.90256182462028
513.6,505.9,,5.972641045779149,True,35.7,114.3,32683.6,0.0,50.439503117503776
442.1,675.8,,,True,35.7,139.7,32683.5,0.0,44.76464053932016
584.6,616.5,2177.1,72.12286059923159,True,48.1,177.8,32683.6,368.2,52.16224917487783
168.4,472.6,1593.4,16.49937872861655,True,,,32683.5,533.0,56.10496900810888
602.0,487.6,1497.8,73.20986166889958,True,48.1,177.8,32683.7,800.1,50.04505632386717
635.5,404.6,,,True,,139.7,32683.3,152.0,49.00095774592717
281.9,586.4,1355.0,20.185297914160472,True,35.7,114.3,32683.5,0.0,65.1252442270269
429.1,202.8,,23.83906807037222,True,35.7,139.7,32683.5,0.0,29.145719550276475
567.3,223.7,2665.6,,True,25.3,114.3,32683.6,654.3,50.06256342845712
279.4,516.4,,24.201630579572893,True,35.7,139.7,32683.7,0.0,46.80337295024741
403.7,522.6,4064.3,34.55998978346359,True,,177.8,32683.6,0.0,67.98562530984782
496.5,87.8,,,False,48.1,139.7,32683.3,0.0,43.07344153301516
584.6,522.3,,,False,53.6,177.8,32683.3,0.0,42.63196814001146
604.2,593.7,,,True,48.1,177.8,32683.3,0.0,43.52399648643731
639.1,460.6,3857.8,9.31876158907714,True,62.5,,32683.6,0.0,50.85962409840033
540.1,240.3,3680.5,45.56395699275652,True,35.7,114.3,32683.5,739.0,59.83176553068629
526.4,98.3,1418.0,,True,71.4,139.7,32683.5,295.5,40.27837206244293
363.8,621.2,734.0,,True,35.7,114.3,32683.5,0.0,47.65411523367284
366.2,384.9,,,True,35.7,139.7,32683.5,0.0,40.90608475481445
587.8,724.9,,,True,25.3,114.3,,0.0,47.52477028028734
459.5,353.4,1545.0,16.779201309230746,False,,139.7,32683.6,599.2,54.32343220406361
342.4,534.9,4006.2,42.28399323850866,True,35.7,139.7,32683.6,851.2,63.11229487056989
610.6,525.3,1545.0,,True,53.6,177.8,32683.5,0.0,66.67726342651275
379.0,403.8,,72.07334555771801,True,35.7,139.7,32683.5,0.0,58.57060087264037
606.1,167.0,,,False,,114.3,,0.0,48.97206967126469
596.6,473.7,720.8,23.865982652560863,True,35.7,139.7,32683.5,0.0,68.84779881012005
582.1,496.8,999.1,,True,25.3,114.3,32683.5,236.0,44.69701592537565
560.6,291.8,,,True,,114.3,,0.0,39.699526858394464
110.8,723.7,607.0,,True,35.7,139.7,,121.5,41.02473260985573
231.2,498.3,474.9,,False,53.5,114.3,,186.1,41.07197904457818
207.8,589.8,1295.0,,True,,139.7,32683.5,0.0,57.71014969355204
292.5,281.8,2195.0,,True,59.5,177.8,32683.6,0.0,65.7590651838343
497.5,564.5,3818.1,75.50664712830846,True,25.3,114.3,32683.7,856.4,54.33789138199583
611.3,517.0,3478.5,33.345908144478635,True,,114.3,32683.7,596.0,64.09530685774286
62.4,666.9,491.7,,False,35.7,139.7,,0.0,29.99857633891981
603.6,482.7,4306.6,66.35130407904067,True,48.1,177.8,32683.6,826.2,57.6459131339762
477.6,646.6,,11.123180062192644,False,,114.3,32683.5,0.0,51.593267981068806
119.7,1146.1,534.9,,True,53.6,177.8,32683.6,0.0,49.89166366423544
534.6,178.3,1914.0,,True,35.7,139.7,32683.6,0.0,54.99400870091172
398.0,313.9,924.8,,False,25.3,114.3,,0.0,43.1175873770559
310.4,458.1,1465.4,,False,,139.7,32683.5,255.0,42.87678305318319
85.2,632.4,3384.6,,True,53.6,114.3,32683.5,331.4,57.389216966709455
530.6,392.5,,1.549215299661401,True,35.7,139.7,32683.6,0.0,40.610548836174274
441.4,233.9,2146.7,41.32046691485838,True,,114.3,32683.5,0.0,51.98173821483609
500.7,85.8,1333.9,,True,35.7,114.3,32683.5,258.3,36.834655912449165
175.5,528.0,1749.0,,False,53.5,114.3,32683.5,0.0,61.66848467915905
294.6,348.7,2311.6,45.05614338621485,True,,114.3,32683.5,0.0,55.1773962128797
538.0,241.8,1900.0,,True,35.7,139.7,,259.7,48.416103977909
352.8,355.8,,,False,41.6,139.7,,0.0,48.32577193247052
46.4,784.8,375.7,,False,35.7,139.7,32683.3,88.0,32.24186517422321
471.1,431.1,2530.9,,True,35.7,,,616.1,59.47557277747629
463.8,108.9,649.8,10.506630875540232,True,29.7,114.3,32683.5,0.0,64.73871389313898
343.7,405.4,567.8,,False,35.7,139.0,32683.5,0.0,49.54274889281599
317.2,775.4,1045.0,,True,16.9,,,292.5,48.64303137795503
345.8,373.0,1625.0,23.928324177967525,True,35.7,139.7,32683.6,461.0,57.41005180984119
621.9,376.2,,34.52902852001533,True,35.7,139.7,32683.7,0.0,55.97713469573289
521.1,418.7,,,True,,114.3,32683.5,0.0,59.61477766352205
408.9,755.8,,,True,53.6,177.8,,0.0,48.99671047865106
614.8,582.0,711.3,,False,48.1,177.8,,0.0,49.85724994383151
522.7,563.7,1235.8,,False,25.3,114.3,,0.0,45.9189904060174
593.0,447.2,452.2,,True,48.1,177.8,32683.5,0.0,58.38041554857467
526.1,100.1,467.5,,True,35.7,139.7,,0.0,47.54882822433336
583.1,721.0,1023.7,,True,96.7,,32683.5,0.0,65.81399305237969
550.3,416.6,652.1,,False,,114.3,,0.0,48.87208432657579
427.4,239.9,1593.2,,True,35.7,139.7,32683.5,0.0,44.96500053526694
427.9,387.4,,,False,35.7,139.7,,173.5,39.46818325886851
642.5,521.2,636.2,,False,,114.3,,289.0,39.4793079387315
638.3,459.8,734.0,50.901215772942194,True,62.5,,32683.6,0.0,58.33158789815444
530.8,142.3,3007.0,,True,35.7,139.7,,653.4,59.579991684103454
475.0,110.8,,20.067316811694287,True,35.7,139.7,32683.5,0.0,63.77349890963875
406.9,208.5,,,True,35.7,139.7,,179.0,49.178230341115686
337.0,558.0,376.8,,True,25.3,114.3,,0.0,42.502546482567496
375.7,384.9,2057.1,72.28524345808263,True,35.7,,32683.7,778.8,59.33934083879555
70.3,721.3,754.6,37.66516935869291,True,53.6,177.8,32683.6,845.4,63.28995595066456
501.9,552.2,2074.4,,True,35.7,139.7,32683.5,450.7,66.77172175749351
321.3,234.0,,,True,59.5,177.8,32683.6,0.0,51.08035811255775
147.1,759.7,,,False,35.7,139.7,,159.5,41.890522269331726
604.3,530.6,2336.8,26.33793339110127,True,48.1,,32683.6,0.0,52.4001056102262
626.3,370.4,3387.0,71.01099432824141,False,35.7,139.7,32683.5,0.0,38.39330921500209
435.0,364.0,593.9,,True,48.1,139.7,32683.3,170.0,42.42234882650007
563.3,483.1,,,False,25.3,114.3,,284.0,43.28308508137821
609.8,585.9,3309.4,37.66518491558399,True,,177.8,32683.6,0.0,54.72832037182239
620.1,544.1,1994.8,30.24044694894282,True,48.7,177.8,32683.6,0.0,59.9217213301668
173.9,535.3,2046.7,12.351841361277264,True,48.1,177.8,32683.6,0.0,59.102900453942034
289.7,412.1,204.9,,True,53.6,177.8,32683.3,108.0,37.04737361308183
525.0,269.3,1512.7,29.621960809279276,True,35.7,139.7,32683.5,0.0,55.36004367619988
199.0,501.7,3225.3,34.28940426798651,True,35.7,114.3,32683.6,943.1,54.89966003865485
634.7,401.6,2191.0,62.92886264646808,True,,114.3,32683.6,270.0,31.479097320975303
378.5,373.9,1465.9,,False,35.7,139.7,,137.9,38.42502492502082
360.1,338.4,1049.2,5.202236242208003,True,53.6,,32683.5,474.0,73.95918001130248
513.8,434.1,636.7,,True,29.8,114.3,32683.5,0.0,61.172639638396525
72.8,829.8,,,True,35.7,114.3,,0.0,62.62026112569977
64.8,720.4,,36.96603411865924,True,53.6,,32683.6,0.0,73.28605540139128
411.8,596.2,,,False,25.3,114.3,,0.0,69.95664639106644
607.5,489.4,1488.6,43.530772305057845,False,48.1,,32683.5,623.9,62.20731213238945
593.9,530.4,,,True,,177.8,,0.0,42.54535537823115
37.8,786.1,1520.5,,False,53.6,139.7,32683.3,250.9,34.35913389728363
215.5,656.9,939.0,,True,25.3,,,370.0,54.29809948890171
403.4,503.9,576.8,,False,,114.3,,176.0,49.96911612168942
589.7,518.8,3427.6,45.05520043443893,True,48.1,177.8,32683.6,432.9,58.78418489602196
294.4,463.9,,,True,,139.7,,0.0,37.48949720980976
345.1,193.5,,,False,,177.8,32683.5,0.0,41.14682082427683
601.4,596.0,1354.4,13.296520068474798,True,53.6,177.8,32683.5,375.3,56.28149543359701
460.6,274.6,1822.6,41.14784519213541,False,,114.3,32683.5,370.0,50.4551640328128
293.8,842.0,961.6,31.08068578743894,True,53.6,139.7,32683.5,474.0,55.905822610899904
533.6,161.2,,,True,35.7,139.7,32683.5,0.0,26.90109984729588
610.2,583.5,,73.7125693143016,True,,177.8,32683.7,759.4,59.783639706876336
585.0,535.6,,10.713962003063251,True,48.1,177.8,32683.7,0.0,50.807935830855726
253.2,492.7,516.0,,False,35.7,139.7,32683.3,0.0,42.975370859301066
548.4,305.4,,,False,35.7,139.7,,237.2,39.144781855832285
369.3,331.9,1011.2,,False,,177.8,,0.0,51.61602031999234
535.8,159.9,3739.9,66.15378972056757,True,,177.8,32683.7,764.3,50.52718022636143
595.5,116.0,626.1,,False,,101.6,,81.9,46.042754659985775
232.4,523.7,,74.08395096231828,True,53.6,114.3,32683.7,0.0,61.780049382269006
626.9,339.4,3013.1,46.2699907692686,True,35.7,139.7,32683.6,697.9,51.238620803786695
410.3,323.9,,13.89917019848404,False,35.7,139.7,32683.5,0.0,46.9527214977968
627.2,339.6,460.2,,True,35.7,139.7,32683.3,0.0,35.62988454847826
427.2,332.0,3679.2,53.87971098092299,True,35.7,139.7,32683.7,846.3,55.1943683642757
596.6,202.9,,,False,35.7,114.3,32683.5,0.0,42.2167135411039
626.9,339.4,,,True,35.7,139.7,32683.5,124.8,49.11929008634086
248.6,583.9,759.3,17.39114117155356,True,,139.7,32683.6,0.0,53.691597936456446
616.0,457.3,1640.9,48.466427463861095,True,53.6,177.8,32683.6,550.8,72.98725925864755
574.1,235.8,734.0,0.8731604436212185,True,25.3,114.3,32683.5,0.0,52.88715565303788
603.6,601.7,1492.8,,False,48.1,177.8,32683.5,316.0,32.44133844526948
149.2,716.3,,,False,35.7,139.7,,0.0,42.74768902195663
509.9,503.6,1115.5,44.96382207658051,True,25.3,114.3,32683.7,0.0,50.52663542619344
580.6,721.5,2118.4,46.66429741685953,True,96.7,,32683.5,791.0,50.82817089926227
194.1,603.9,,,True,,114.3,32683.6,0.0,50.330403336996966
344.8,191.9,2188.3,7.98601187555393,False,,177.8,,255.0,45.94111925920844
378.9,273.2,403.0,,True,13.7,139.7,32683.3,0.0,44.324887109442976
522.3,214.4,1680.4,,True,35.7,139.7,32683.5,0.0,53.755921425598665
396.6,110.7,,,True,35.7,114.3,,388.0,52.80725635173129
524.3,170.4,3541.5,,True,35.7,139.7,32683.5,318.0,39.73231384108638
454.4,52.9,699.1,,True,35.7,114.3,,184.0,47.53601512624241
533.5,215.2,783.5,,True,35.7,,32683.5,0.0,43.45132502197183
628.3,589.9,,,False,48.1,177.8,,0.0,47.32975749415883
610.5,528.6,,74.30200374350503,True,35.7,139.7,32683.7,0.0,50.48576308073213
389.7,493.9,625.6,,False,35.7,139.7,,94.0,40.139918125426384
82.7,563.3,804.0,,True,,177.8,,186.9,46.86848998561734
585.1,604.5,,,True,48.1,177.8,32683.5,0.0,49.88238112885766
37.8,786.1,581.0,,True,53.6,139.7,,0.0,32.655006065437505
145.4,1147.6,662.9,,False,53.6,177.8,32683.5,261.9,49.244319222926194
52.6,691.6,,,True,35.7,139.7,,0.0,54.17903074371475
609.0,525.1,1327.0,,True,48.1,177.8,32683.5,0.0,49.71642489830202
593.5,514.6,,,True,48.1,177.8,32683.5,371.6,63.19149463854951
194.0,830.3,1780.5,23.346485840405588,True,,,32683.6,294.0,40.24896123803496
349.3,373.8,,,True,35.7,139.7,32683.3,0.0,43.22669261183788
93.8,728.2,,,True,,139.7,32683.5,0.0,52.134848392403946
608.4,581.5,1078.4,,True,48.1,177.8,32683.5,0.0,40.652610505404056
455.2,435.2,,,True,,114.3,,0.0,43.8429832175199
276.1,540.9,751.1,41.23399969580177,True,35.7,139.7,32683.5,199.0,49.13089006056106
461.1,528.4,,,True,48.1,,,0.0,44.21465074758741
564.4,602.7,427.8,,False,53.6,177.8,,129.2,44.96146389594981
198.9,533.3,,,False,101.2,,,0.0,43.93555218988735
532.8,288.2,676.9,,False,,139.7,,203.0,39.76760657117328
556.7,446.7,,,True,35.7,139.7,32683.5,0.0,51.10217066840963
402.6,675.4,,38.13076753224492,True,25.3,114.3,32683.5,0.0,45.8660981772147
606.0,592.9,1455.5,,True,53.6,177.8,32683.5,0.0,48.89249380709567
252.4,493.5,2097.3,,True,35.7,139.5,32683.5,140.3,43.02716068884978
558.4,410.3,,41.228409688504506,False,,114.3,32683.6,327.8,59.54933606893111
332.5,391.9,962.0,49.32771623155075,False,53.6,177.8,32683.6,0.0,49.0229203352197
175.3,1053.6,2883.9,29.099999758844103,True,25.3,114.3,32683.6,0.0,56.77923143411647
467.0,139.6,394.9,,True,35.7,139.7,,137.1,47.60785669525335
529.6,394.9,873.0,,True,35.7,139.7,32683.5,0.0,53.79398120053569
238.6,750.6,1351.4,14.538428071025642,True,35.7,139.7,32683.6,0.0,67.70994350072465
617.2,590.3,,,False,48.0,177.8,32683.3,0.0,38.56335400970481
399.4,442.8,,,False,35.7,114.3,32683.5,0.0,37.249583273102274
538.0,158.9,2671.1,12.961952206913224,True,,114.3,32683.6,819.0,54.222216280545496
106.9,1176.9,1480.2,,True,,139.7,32683.5,474.0,64.63088072738356
613.4,592.7,,73.45507747157235,True,48.1,177.8,32683.7,0.0,53.72090988294931
399.6,205.4,853.3,,True,35.7,139.7,32683.5,128.0,47.080194035870925
528.1,387.6,,,False,35.7,139.7,,0.0,47.9348060549559
431.7,390.3,1314.5,,True,35.7,139.7,,397.6,57.62454148136327
365.3,634.0,1617.8,,True,35.7,114.3,32683.5,0.0,46.17750195932993
555.7,591.2,625.0,,False,25.3,114.3,32683.5,149.0,44.90277847605086
596.3,595.2,1516.2,,False,53.6,177.8,32683.5,236.0,36.814182520745454
636.8,524.3,1625.0,24.85404139010117,False,48.1,177.8,32683.6,0.0,38.30656303829818
155.7,759.7,548.9,,True,35.7,139.7,,270.0,42.519260342174256
451.5,672.1,,,True,64.7,139.7,32683.7,0.0,66.24890282735063
618.3,359.7,1045.0,,True,35.7,139.7,32683.5,208.6,49.48994643520993
607.9,111.9,,,False,35.7,139.7,32683.6,0.0,38.30034840774816
614.8,475.9,,48.97598096324352,True,35.7,139.7,32683.5,0.0,48.75480632947568
591.9,528.3,611.8,,False,,177.8,,0.0,39.47859240693133
610.2,526.8,930.0,,True,,177.8,32683.5,0.0,49.49049474784258
353.9,475.4,848.0,21.765560604920463,True,,139.7,32683.5,0.0,48.88853609037617
35.4,724.0,,1.463977782995293,False,53.6,,32683.6,0.0,46.07624287338827
214.2,584.6,,,False,,139.7,,0.0,39.77107176621166
555.2,441.3,,,True,35.7,139.7,32683.6,0.0,60.22317063395887
10.9,731.0,607.1,,True,35.7,139.7,32683.6,205.0,43.816039255490665
61.7,831.0,433.2,,False,35.7,139.7,,103.0,41.67755686711549
229.0,589.7,1147.9,34.316947774262495,True,35.7,139.7,32683.6,0.0,55.121914901828106
86.4,1039.8,,25.140791871947723,True,25.3,114.3,32683.5,0.0,50.18817867314477
614.3,491.3,,,True,,177.8,32683.6,0.0,64.53271171800263
605.3,555.2,,24.41381920349207,True,53.6,177.8,32683.3,0.0,53.96150437710769
252.2,592.9,2450.0,,True,35.7,139.7,32683.6,672.1,53.838480393481575
401.7,562.5,689.1,,True,35.7,139.7,32683.5,0.0,60.46399563453008
598.4,478.5,2124.8,42.894536038402926,True,53.6,177.8,32683.6,561.3,54.22181749954416
122.6,1128.2,1393.2,6.947364048049934,True,,,,403.0,52.12176929508901
445.1,469.7,607.5,,False,35.7,139.7,32683.3,190.3,49.2198350688069
618.7,620.3,,,False,60.3,177.8,,0.0,41.259405068002096
453.0,353.5,459.4,,True,35.7,139.7,,100.0,48.79491207242276
67.8,753.3,611.6,34.94449590463843,False,35.7,,32683.5,155.0,40.100093297761546
555.4,442.1,,,True,35.7,139.7,,0.0,48.31662042422271
578.8,594.9,2207.6,13.08249321687108,True,53.6,177.8,32683.6,0.0,27.624919530862044
492.3,87.8,,21.34690811575162,True,20.8,139.7,32683.5,0.0,49.61324439196956
41.0,787.1,,3.011539411812965,False,35.7,139.7,32683.5,0.0,48.16319519655743
568.9,607.4,1521.0,31.64520175247292,True,53.6,177.8,32683.6,388.0,61.7604848927452
173.6,536.6,,30.0834374082649,True,53.6,177.8,32683.5,0.0,43.162686290228194
503.6,115.8,3398.7,,False,35.7,139.7,,0.0,60.05931287877797
536.8,388.6,2680.7,41.58672999937853,True,,139.7,32683.7,739.0,53.9108787656571
503.8,524.1,3765.5,33.49005976214002,True,25.3,114.3,32683.6,0.0,57.322873091997
609.1,585.6,2159.9,10.98151550830544,True,,139.7,32683.6,526.5,62.58968563642809
617.6,621.3,2178.0,52.73848289425479,False,60.0,177.8,32683.5,0.0,51.04526575048686
368.6,461.7,1911.8,39.224419734891015,True,35.7,139.7,32683.7,572.1,53.03545270956844
604.4,483.0,,,True,53.6,177.8,32683.3,103.0,49.579689685802826
499.5,368.0,1370.0,35.26965184653705,True,35.7,114.3,32683.6,819.0,59.97561809991864
439.2,633.2,388.2,,False,48.1,,,0.0,40.37606597577552
390.8,103.3,492.1,,True,35.7,139.7,32683.6,303.8,47.79437812927542
608.7,512.2,929.4,,True,48.1,177.8,32683.6,0.0,52.96445119911564
399.2,500.9,,,True,,177.8,32683.5,0.0,43.55597574677231
635.8,405.6,,40.121223426365695,True,,114.3,32683.6,0.0,62.9298012059479
611.3,589.9,,,True,25.3,114.3,32683.5,0.0,58.45258575996803
637.8,459.8,,33.63324246402616,True,62.5,,32683.7,0.0,59.32512882611
